,gross_return,turnover,trading_cost,net_return,equity,drawdown,gross_exposure,net_exposure
2024-01-01 00:00:00+00:00,0.0,0.0,0.0,0.0,1.0,0.0,0.0,0.0
2024-01-01 04:00:00+00:00,0.0,0.0,0.0,0.0,1.0,0.0,0.0,0.0
2024-01-01 08:00:00+00:00,0.0,0.0,0.0,0.0,1.0,0.0,0.0,0.0
2024-01-01 12:00:00+00:00,0.0,0.0,0.0,0.0,1.0,0.0,0.0,0.0
2024-01-01 16:00:00+00:00,0.0,0.0,0.0,0.0,1.0,0.0,0.0,0.0
2024-01-01 20:00:00+00:00,0.0,0.0,0.0,0.0,1.0,0.0,0.0,0.0
2024-01-02 00:00:00+00:00,0.0,0.0,0.0,0.0,1.0,0.0,0.0,0.0
2024-01-02 04:00:00+00:00,0.0,0.0,0.0,0.0,1.0,0.0,0.0,0.0
2024-01-02 08:00:00+00:00,0.0,0.0,0.0,0.0,1.0,0.0,0.0,0.0
2024-01-02 12:00:00+00:00,0.0,0.0,0.0,0.0,1.0,0.0,0.0,0.0
2024-01-02 16:00:00+00:00,0.0,0.0,0.0,0.0,1.0,0.0,0.0,0.0
2024-01-02 20:00:00+00:00,0.0,0.0,0.0,0.0,1.0,0.0,0.0,0.0
2024-01-03 00:00:00+00:00,0.0,0.0,0.0,0.0,1.0,0.0,0.0,0.0
2024-01-03 04:00:00+00:00,0.0,0.0,0.0,0.0,1.0,0.0,0.0,0.0
2024-01-03 08:00:00+00:00,0.0,0.0,0.0,0.0,1.0,0.0,0.0,0.0
2024-01-03 12:00:00+00:00,0.0,0.0,0.0,0.0,1.0,0.0,0.0,0.0
2024-01-03 16:00:00+00:00,0.0,0.0,0.0,0.0,1.0,0.0,0.0,0.0
2024-01-03 20:00:00+00:00,0.0,0.0,0.0,0.0,1.0,0.0,0.0,0.0
2024-01-04 00:00:00+00:00,0.0,0.0,0.0,0.0,1.0,0.0,0.0,0.0
2024-01-04 04:00:00+00:00,0.0,0.0,0.0,0.0,1.0,0.0,0.0,0.0
2024-01-04 08:00:00+00:00,0.0,0.0,0.0,0.0,1.0,0.0,0.0,0.0
2024-01-04 12:00:00+00:00,0.0,0.0,0.0,0.0,1.0,0.0,0.0,0.0
2024-01-04 16:00:00+00:00,0.0,0.0,0.0,0.0,1.0,0.0,0.0,0.0
2024-01-04 20:00:00+00:00,0.0,0.0,0.0,0.0,1.0,0.0,0.0,0.0
2024-01-05 00:00:00+00:00,0.0,0.0,0.0,0.0,1.0,0.0,0.0,0.0
2024-01-05 04:00:00+00:00,0.0,0.0,0.0,0.0,1.0,0.0,0.0,0.0
2024-01-05 08:00:00+00:00,0.0,0.0,0.0,0.0,1.0,0.0,0.0,0.0
2024-01-05 12:00:00+00:00,0.0,0.0,0.0,0.0,1.0,0.0,0.0,0.0
2024-01-05 16:00:00+00:00,0.0,0.0,0.0,0.0,1.0,0.0,0.0,0.0
2024-01-05 20:00:00+00:00,0.0,0.0,0.0,0.0,1.0,0.0,0.0,0.0
2024-01-06 00:00:00+00:00,0.0,0.0,0.0,0.0,1.0,0.0,0.0,0.0
2024-01-06 04:00:00+00:00,0.0,0.0,0.0,0.0,1.0,0.0,0.0,0.0
2024-01-06 08:00:00+00:00,0.0,0.0,0.0,0.0,1.0,0.0,0.0,0.0
2024-01-06 12:00:00+00:00,0.0,0.0,0.0,0.0,1.0,0.0,0.0,0.0
2024-01-06 16:00:00+00:00,0.0,0.0,0.0,0.0,1.0,0.0,0.0,0.0
2024-01-06 20:00:00+00:00,0.0,0.0,0.0,0.0,1.0,0.0,0.0,0.0
2024-01-07 00:00:00+00:00,0.0,0.0,0.0,0.0,1.0,0.0,0.0,0.0
2024-01-07 04:00:00+00:00,0.0,0.0,0.0,0.0,1.0,0.0,0.0,0.0
2024-01-07 08:00:00+00:00,0.0,0.0,0.0,0.0,1.0,0.0,0.0,0.0
2024-01-07 12:00:00+00:00,0.0,0.0,0.0,0.0,1.0,0.0,0.0,0.0
2024-01-07 16:00:00+00:00,0.0,0.0,0.0,0.0,1.0,0.0,0.0,0.0
2024-01-07 20:00:00+00:00,0.0,0.0,0.0,0.0,1.0,0.0,0.0,0.0
2024-01-08 00:00:00+00:00,0.0,0.0,0.0,0.0,1.0,0.0,0.0,0.0
2024-01-08 04:00:00+00:00,-0.0035923835247555127,1.0,0.0012000000000000001,-0.004792383524755512,0.9952076164752445,-0.004792383524755528,1.0,-0.16116166264001475
2024-01-08 08:00:00+00:00,0.006901705555860982,0.0,0.0,0.006901705555860982,1.0020762464111068,0.0,1.0,-0.16116166264001475
2024-01-08 12:00:00+00:00,-0.007391918167894086,0.0,0.0,-0.007391918167894086,0.9946689807996455,-0.007391918167894085,1.0,-0.16116166264001475
2024-01-08 16:00:00+00:00,0.00026890921957355954,0.0,0.0,0.00026890921957355954,0.9949364564590064,-0.007124996703266051,1.0,-0.16116166264001475
2024-01-08 20:00:00+00:00,-0.0058955127061263365,0.0,0.0,-0.0058955127061263365,0.989070795938164,-0.012978503900797245,1.0,-0.16116166264001475
2024-01-09 00:00:00+00:00,0.0020562233707264455,0.0,0.0,0.0020562233707264455,0.9911045464240751,-0.010948967233108675,1.0,-0.16116166264001475
2024-01-09 04:00:00+00:00,-0.004636079399297133,0.4435480174938765,0.0005322576209926519,-0.005168337020289785,0.9859821841058141,-0.016060716300713596,1.0,-0.15293640070121234
2024-01-09 08:00:00+00:00,0.0017676871499106247,0.0,0.0,0.0017676871499106247,0.9877250921426987,-0.014321419472626218,1.0,-0.15293640070121234
2024-01-09 12:00:00+00:00,-0.0068305007569406315,0.0,0.0,-0.0068305007569406315,0.9809784351531687,-0.021054097763018476,1.0,-0.15293640070121234
2024-01-09 16:00:00+00:00,0.00010387506238023663,0.0,0.0,0.00010387506238023663,0.981080334349314,-0.0209524096963567,1.0,-0.15293640070121234
2024-01-09 20:00:00+00:00,-0.0025630352421108934,0.0,0.0,-0.0025630352421108934,0.9785657908770348,-0.02346174317400873,1.0,-0.15293640070121234
2024-01-10 00:00:00+00:00,-0.002302114581761581,0.0,0.0,-0.002302114581761581,0.9763130203006437,-0.025709846134695846,1.0,-0.15293640070121234
2024-01-10 04:00:00+00:00,-0.0008696204813347704,0.9962241642649808,0.001195468997117977,-0.0020650894784527475,0.9742968465547445,-0.027721842480403103,0.9954895565208666,-0.11942573828071934
2024-01-10 08:00:00+00:00,-0.0043924497000031905,0.0,0.0,-0.0043924497000031905,0.970017296663381,-0.031992525381719816,0.9954895565208666,-0.11942573828071934
2024-01-10 12:00:00+00:00,0.004442855247937195,0.0,0.0,0.004442855247937195,0.9743269431004518,-0.027691808293069498,0.9954895565208666,-0.11942573828071934
2024-01-10 16:00:00+00:00,-0.001108787466604306,0.0,0.0,-0.001108787466604306,0.9732466215975671,-0.02876989142971076,0.9954895565208666,-0.11942573828071934
2024-01-10 20:00:00+00:00,0.0008791007324867108,0.0,0.0,0.0008791007324867108,0.9741022034155037,-0.027916082329853653,0.9954895565208666,-0.11942573828071934
2024-01-11 00:00:00+00:00,-0.008094309432127546,0.0,0.0,-0.008094309432127546,0.9662175187625414,-0.035784430353470564,0.9954895565208666,-0.11942573828071934
2024-01-11 04:00:00+00:00,0.0015207347882464583,1.0501123224219524,0.001260134786906343,0.00026060000134011524,0.9664693150492257,-0.035533155774728487,0.9773038320566081,-0.006488365436616295
2024-01-11 08:00:00+00:00,0.008193651645594414,0.0,0.0,0.008193651645594414,0.9743882279428954,-0.02763065042942081,0.9773038320566081,-0.006488365436616295
2024-01-11 12:00:00+00:00,0.003158685135178603,0.0,0.0,0.003158685135178603,0.9774660135543916,-0.02455924181902902,0.9773038320566081,-0.006488365436616295
2024-01-11 16:00:00+00:00,0.0071197002924872485,0.0,0.0,0.0071197002924872485,0.984425278616991,-0.017614395967703977,0.9773038320566081,-0.006488365436616295
2024-01-11 20:00:00+00:00,0.0032503711194386753,0.0,0.0,0.0032503711194386753,0.9876250261118531,-0.014421278172205065,0.9773038320566081,-0.006488365436616295
2024-01-12 00:00:00+00:00,0.00035147536140394883,0.0,0.0,0.00035147536140394883,0.9879721519748375,-0.014074871534758504,0.9773038320566081,-0.006488365436616295
2024-01-12 04:00:00+00:00,-0.0030370697444317314,0.0,0.0,-0.0030370697444317314,0.9849716116437336,-0.017069194912695207,0.9773038320566081,-0.006488365436616295
2024-01-12 08:00:00+00:00,0.0002518649209387828,0.0,0.0,0.0002518649209387828,0.9852196914408273,-0.016821629123183524,0.9773038320566081,-0.006488365436616295
2024-01-12 12:00:00+00:00,0.0020791986404443364,0.0,0.0,0.0020791986404443364,0.98726815888381,-0.01477740599114219,0.9773038320566081,-0.006488365436616295
2024-01-12 16:00:00+00:00,-0.0003787438534376135,0.0,0.0,-0.0003787438534376135,0.9868942371369381,-0.01515055299289092,0.9773038320566081,-0.006488365436616295
2024-01-12 20:00:00+00:00,-0.004854478711318181,0.0,0.0,-0.004854478711318181,0.9821033800724343,-0.0199314836672404,0.9773038320566081,-0.006488365436616295
2024-01-13 00:00:00+00:00,-0.009327639028534455,0.0,0.0,-0.009327639028534455,0.9729426742544149,-0.029073209010823775,0.9773038320566081,-0.006488365436616295
2024-01-13 04:00:00+00:00,0.0016162070128871422,0.5617349664275231,0.0006740819597130278,0.0009421250531741145,0.9738593079231321,-0.028158474556235102,0.9958161942677337,0.012023996774509382
2024-01-13 08:00:00+00:00,-0.010937770456355652,0.0,0.0,-0.010937770456355652,0.9632074583562835,-0.038788254081493445,0.9958161942677337,0.012023996774509382
2024-01-13 12:00:00+00:00,0.004582495883614828,0.0,0.0,0.004582495883614828,0.9676213525692684,-0.03438350521253963,0.9958161942677337,0.012023996774509382
2024-01-13 16:00:00+00:00,-0.0010245883260017585,0.0,0.0,-0.0010245883260017585,0.9666299390274359,-0.0353728646004936,0.9958161942677337,0.012023996774509382
2024-01-13 20:00:00+00:00,0.007384722302556987,0.0,0.0,0.007384722302556987,0.973768232696491,-0.028249361080057267,0.9958161942677337,0.012023996774509382
2024-01-14 00:00:00+00:00,0.0033267448313568653,0.0,0.0,0.0033267448313568653,0.9770077111315537,-0.02501659466466244,0.9958161942677337,0.012023996774509382
2024-01-14 04:00:00+00:00,-0.003404807199233406,0.4857915623035607,0.0005829498747642729,-0.003987757073997679,0.9731116417201385,-0.028904591636318866,1.0,-0.0033674805002060493
2024-01-14 08:00:00+00:00,0.0031979788283583105,0.0,0.0,0.0031979788283583105,0.9762236321479885,-0.025799049080055925,1.0,-0.0033674805002060493
2024-01-14 12:00:00+00:00,-0.010894110717855605,0.0,0.0,-0.010894110717855605,0.9655885438139811,-0.03641210210081802,1.0,-0.0033674805002060493
2024-01-14 16:00:00+00:00,0.006647337766642801,0.0,0.0,0.006647337766642801,0.9720071370083133,-0.030006807875632924,1.0,-0.0033674805002060493
2024-01-14 20:00:00+00:00,-0.0003711933277193301,0.0,0.0,-0.0003711933277193301,0.9716463344445603,-0.030366862876482714,1.0,-0.0033674805002060493
2024-01-15 00:00:00+00:00,0.00853043907973347,0.0,0.0,0.00853043907973347,0.9799349043075859,-0.02209546647055971,1.0,-0.0033674805002060493
2024-01-15 04:00:00+00:00,-0.003751811510120451,0.0,0.0,-0.003751811510120451,0.9762583732544359,-0.02576437995525449,1.0,-0.0033674805002060493
2024-01-15 08:00:00+00:00,-0.00241084410106744,0.0,0.0,-0.00241084410106744,0.9739047665141578,-0.028113110152888976,1.0,-0.0033674805002060493
2024-01-15 12:00:00+00:00,0.00033441941179899765,0.0,0.0,0.00033441941179899765,0.9742304591733236,-0.02778809231085133,1.0,-0.0033674805002060493
2024-01-15 16:00:00+00:00,0.00047914010579745703,0.0,0.0,0.00047914010579745703,0.9746972520586031,-0.02732226659454351,1.0,-0.0033674805002060493
2024-01-15 20:00:00+00:00,0.001448017344195805,0.0,0.0,0.001448017344195805,0.9761086305849239,-0.025913812366259337,1.0,-0.0033674805002060493
2024-01-16 00:00:00+00:00,0.0037618667766679825,0.0,0.0,0.0037618667766679825,0.9797806212127401,-0.02224942989938894,1.0,-0.0033674805002060493
2024-01-16 04:00:00+00:00,-0.002381369203279408,0.5766980929590462,0.0006920377115508555,-0.0030734069148302635,0.9767693566764882,-0.025254455262515352,1.0,0.13467610193182877
2024-01-16 08:00:00+00:00,0.0037787880903646185,0.0,0.0,0.0037787880903646185,0.9804603610885304,-0.021571098406925393,1.0,0.13467610193182877
2024-01-16 12:00:00+00:00,0.0029489438221330473,0.0,0.0,0.0029489438221330473,0.9833516836132088,-0.01868576654217602,1.0,0.13467610193182877
2024-01-16 16:00:00+00:00,0.003714440576929501,0.0,0.0,0.003714440576929501,0.9870042850082137,-0.015040733134701778,1.0,0.13467610193182877
2024-01-16 20:00:00+00:00,0.002019888243843458,0.0,0.0,0.002019888243843458,0.9889979233601248,-0.01305122549089599,1.0,0.13467610193182877
2024-01-17 00:00:00+00:00,0.003471742542494584,0.0,0.0,0.003471742542494584,0.992431469525093,-0.009624793443169799,1.0,0.13467610193182877
2024-01-17 04:00:00+00:00,-0.0044929600547229005,0.5184065264222987,0.0006220878317067585,-0.005115047886429659,0.9873551350344724,-0.014690610050240638,0.9999999999999998,0.010647039672421116
2024-01-17 08:00:00+00:00,-0.003029143149233701,0.0,0.0,-0.003029143149233701,0.9843642949913219,-0.017675253238682687,0.9999999999999998,0.010647039672421116
2024-01-17 12:00:00+00:00,0.002615809730720791,0.0,0.0,0.002615809730720791,0.9869392046927343,-0.01510567860737655,0.9999999999999998,0.010647039672421116
2024-01-17 16:00:00+00:00,0.005726565780795869,0.0,0.0,0.005726565780795869,0.9925909769700536,-0.009465616488789408,0.9999999999999998,0.010647039672421116
2024-01-17 20:00:00+00:00,8.120106937498832e-05,0.0,0.0,8.120106937498832e-05,0.9926715764188355,-0.009385184037595695,0.9999999999999998,0.010647039672421116
2024-01-18 00:00:00+00:00,0.004929567896683534,0.0,0.0,0.004929567896683534,0.9975650183539001,-0.004501881042848321,0.9999999999999998,0.010647039672421116
2024-01-18 04:00:00+00:00,-0.010547780500249402,0.0,0.0,-0.010547780500249402,0.9870429215055759,-0.015002176690019464,0.9999999999999998,0.010647039672421116
2024-01-18 08:00:00+00:00,0.0014036579442793255,0.0,0.0,0.0014036579442793255,0.9884283921436919,-0.013619576670232503,0.9999999999999998,0.010647039672421116
2024-01-18 12:00:00+00:00,-0.00594800526993141,0.0,0.0,-0.00594800526993141,0.9825492148582714,-0.019486572626355225,0.9999999999999998,0.010647039672421116
2024-01-18 16:00:00+00:00,0.003636770041634379,0.0,0.0,0.003636770041634379,0.9861225204072994,-0.015920670768262424,0.9999999999999998,0.010647039672421116
2024-01-18 20:00:00+00:00,0.0041908339494489905,0.0,0.0,0.0041908339494489905,0.9902551961441385,-0.011796557706367117,0.9999999999999998,0.010647039672421116
2024-01-19 00:00:00+00:00,0.006982252769677667,0.0,0.0,0.006982252769677667,0.9971694082301036,-0.004896671484407422,0.9999999999999998,0.010647039672421116
2024-01-19 04:00:00+00:00,0.007210114589141042,0.0,0.0,0.007210114589141042,1.0043591139282286,0.0,0.9999999999999998,0.010647039672421116
2024-01-19 08:00:00+00:00,-0.0015166548949303296,0.0,0.0,-0.0015166548949303296,1.0028358477618216,-0.0015166548949302472,0.9999999999999998,0.010647039672421116
2024-01-19 12:00:00+00:00,0.007056550302837713,0.0,0.0,0.007056550302837713,1.0099124093670417,0.0,0.9999999999999998,0.010647039672421116
2024-01-19 16:00:00+00:00,0.003286744871616757,0.0,0.0,0.003286744871616757,1.0132317337993109,0.0,0.9999999999999998,0.010647039672421116
2024-01-19 20:00:00+00:00,-0.0011339053045851249,0.0,0.0,-0.0011339053045851249,1.0120828249615819,-0.0011339053045851255,0.9999999999999998,0.010647039672421116
2024-01-20 00:00:00+00:00,0.0040208032983794564,0.0,0.0,0.0040208032983794564,1.0161522109224206,0.0,0.9999999999999998,0.010647039672421116
2024-01-20 04:00:00+00:00,0.0016594430424315652,0.5896241042392707,0.0007075489250871249,0.0009518941173444404,1.0171194802343242,0.0,0.9999999999999998,0.027756078317301036
2024-01-20 08:00:00+00:00,-0.005521268137679301,0.0,0.0,-0.005521268137679301,1.0115036908558934,-0.0055212681376793915,0.9999999999999998,0.027756078317301036
2024-01-20 12:00:00+00:00,0.005358930271658542,0.0,0.0,0.005358930271658542,1.0169242686047155,-0.0001919259569816978,0.9999999999999998,0.027756078317301036
2024-01-20 16:00:00+00:00,-0.005495146875150791,0.0,0.0,-0.005495146875150791,1.0113361203878273,-0.005686018170809715,0.9999999999999998,0.027756078317301036
2024-01-20 20:00:00+00:00,0.0069569046381261785,0.0,0.0,0.0069569046381261785,1.0183718893344578,0.0,0.9999999999999998,0.027756078317301036
2024-01-21 00:00:00+00:00,0.0020465419122868284,0.0,0.0,0.0020465419122868284,1.0204560300882755,0.0,0.9999999999999998,0.027756078317301036
2024-01-21 04:00:00+00:00,0.0034948151751886597,0.585811846306215,0.0007029742155674581,0.0027918409596212014,1.0233049810305683,0.0,1.0,-0.1359626867446867
2024-01-21 08:00:00+00:00,0.004722613599247465,0.0,0.0,0.004722613599247465,1.028137655050161,0.0,1.0,-0.1359626867446867
2024-01-21 12:00:00+00:00,0.002999881414423167,0.0,0.0,0.002999881414423167,1.0312219460930148,0.0,1.0,-0.1359626867446867
2024-01-21 16:00:00+00:00,-0.0002223870813838737,0.0,0.0,-0.0002223870813838737,1.0309926156541642,-0.00022238708138377916,1.0,-0.1359626867446867
2024-01-21 20:00:00+00:00,0.0003760444862625817,0.0,0.0,0.0003760444862625817,1.0313803147426583,0.0,1.0,-0.1359626867446867
2024-01-22 00:00:00+00:00,0.0005747429111207566,0.0,0.0,0.0005747429111207566,1.0319730932672262,0.0,1.0,-0.1359626867446867
2024-01-22 04:00:00+00:00,-0.00042034946781753643,0.0,0.0,-0.00042034946781753643,1.0315393039266694,-0.000420349467817438,1.0,-0.1359626867446867
2024-01-22 08:00:00+00:00,0.004063565621554076,0.0,0.0,0.004063565621554076,1.0357310315793875,0.0,1.0,-0.1359626867446867
2024-01-22 12:00:00+00:00,-0.004493678483830592,0.0,0.0,-0.004493678483830592,1.0310767893277435,-0.004493678483830643,1.0,-0.1359626867446867
2024-01-22 16:00:00+00:00,-0.0019079893099111151,0.0,0.0,-0.0019079893099111151,1.0291095058360087,-0.006393093903232394,1.0,-0.1359626867446867
2024-01-22 20:00:00+00:00,-0.0016032218495605488,0.0,0.0,-0.0016032218495605488,1.027459614990662,-0.007986066204960895,1.0,-0.1359626867446867
2024-01-23 00:00:00+00:00,-0.005902560976717428,0.0,0.0,-0.005902560976717428,1.0213949719620652,-0.013841488938939328,1.0,-0.1359626867446867
2024-01-23 04:00:00+00:00,0.002818563495814202,0.40141382920166535,0.00048169659504199847,0.0023368669007722033,1.0237818360646584,-0.01153696775552604,0.9983343890058293,-0.1342970757505161
2024-01-23 08:00:00+00:00,0.004601463635103957,0.0,0.0,0.004601463635103957,1.0284927309535898,-0.006988591058008531,0.9983343890058293,-0.1342970757505161
2024-01-23 12:00:00+00:00,0.0046329540234635435,0.0,0.0,0.0046329540234635435,1.0332576904895643,-0.0023880148556055802,0.9983343890058293,-0.1342970757505161
2024-01-23 16:00:00+00:00,0.003412555330876,0.0,0.0,0.003412555330876,1.036783739529413,0.0,0.9983343890058293,-0.1342970757505161
2024-01-23 20:00:00+00:00,-0.003863416918215309,0.0,0.0,-0.003863416918215309,1.0327782116895845,-0.0038634169182153455,0.9983343890058293,-0.1342970757505161
2024-01-24 00:00:00+00:00,-0.0057286371479856055,0.0,0.0,-0.0057286371479856055,1.0268618000604695,-0.009569921952525151,0.9983343890058293,-0.1342970757505161
2024-01-24 04:00:00+00:00,0.007308601697411228,0.32201737003200126,0.00038642084403840157,0.006922180853372826,1.033969923151908,-0.0027139858296603148,0.9982374022374221,0.18772029428148512
2024-01-24 08:00:00+00:00,0.006104956573685598,0.0,0.0,0.006104956573685598,1.0402822646312475,0.0,0.9982374022374221,0.18772029428148512
2024-01-24 12:00:00+00:00,0.009868216207108668,0.0,0.0,0.009868216207108668,1.0505479949350494,0.0,0.9982374022374221,0.18772029428148512
2024-01-24 16:00:00+00:00,-0.004217991739214998,0.0,0.0,-0.004217991739214998,1.0461167921707644,-0.00421799173921511,0.9982374022374221,0.18772029428148512
2024-01-24 20:00:00+00:00,0.003892992185452614,0.0,0.0,0.003892992185452614,1.050189316667756,-0.00034142016264138153,0.9982374022374221,0.18772029428148512
2024-01-25 00:00:00+00:00,0.003566675142442424,0.0,0.0,0.003566675142442424,1.0539350007983734,0.0,0.9982374022374221,0.18772029428148512
2024-01-25 04:00:00+00:00,0.0021283923708978196,0.0,0.0,0.0021283923708978196,1.056178188013495,0.0,0.9982374022374221,0.18772029428148512
2024-01-25 08:00:00+00:00,-0.00017968874372447735,0.0,0.0,-0.00017968874372447735,1.0559884046817418,-0.00017968874372442656,0.9982374022374221,0.18772029428148512
2024-01-25 12:00:00+00:00,0.0012766444786559174,0.0,0.0,0.0012766444786559174,1.0573365264481034,0.0,0.9982374022374221,0.18772029428148512
2024-01-25 16:00:00+00:00,0.0011628439132201824,0.0,0.0,0.0011628439132201824,1.0585660437921087,0.0,0.9982374022374221,0.18772029428148512
2024-01-25 20:00:00+00:00,0.005570716480550678,0.0,0.0,0.005570716480550678,1.0644630150980128,0.0,0.9982374022374221,0.18772029428148512
2024-01-26 00:00:00+00:00,-0.0017101865945433705,0.0,0.0,-0.0017101865945433705,1.062642584719205,-0.0017101865945433614,0.9982374022374221,0.18772029428148512
2024-01-26 04:00:00+00:00,0.00623499980299318,0.0,0.0,0.00623499980299318,1.0692681610255812,0.0,0.9982374022374221,0.18772029428148512
2024-01-26 08:00:00+00:00,0.0014818541332411214,0.0,0.0,0.0014818541332411214,1.07085266046954,0.0,0.9982374022374221,0.18772029428148512
2024-01-26 12:00:00+00:00,0.0032682443687950037,0.0,0.0,0.0032682443687950037,1.0743524686469288,0.0,0.9982374022374221,0.18772029428148512
2024-01-26 16:00:00+00:00,-0.0033630249822263715,0.0,0.0,-0.0033630249822263715,1.0707393944551526,-0.0033630249822262925,0.9982374022374221,0.18772029428148512
2024-01-26 20:00:00+00:00,0.003173124993428139,0.0,0.0,0.003173124993428139,1.0741369843891464,-0.0002005712874227905,0.9982374022374221,0.18772029428148512
2024-01-27 00:00:00+00:00,0.00106055279512287,0.0,0.0,0.00106055279512287,1.0752761633702852,0.0,0.9982374022374221,0.18772029428148512
2024-01-27 04:00:00+00:00,0.002188348786478621,0.160960191631797,0.00019315222995815642,0.0019951965565204646,1.0774215506687501,0.0,0.837277210605625,0.026760102649688117
2024-01-27 08:00:00+00:00,0.0008623717650789174,0.0,0.0,0.0008623717650789174,1.0783506885931344,0.0,0.837277210605625,0.026760102649688117
2024-01-27 12:00:00+00:00,-0.0029441047597642076,0.0,0.0,-0.0029441047597642076,1.0751759111981523,-0.0029441047597643655,0.837277210605625,0.026760102649688117
2024-01-27 16:00:00+00:00,-0.003153215177379049,0.0,0.0,-0.003153215177379049,1.0717856501966099,-0.006088036541331054,0.837277210605625,0.026760102649688117
2024-01-27 20:00:00+00:00,0.006338422095841683,0.0,0.0,0.006338422095841683,1.0785790800438222,0.0,0.837277210605625,0.026760102649688117
2024-01-28 00:00:00+00:00,0.001178019491025552,0.0,0.0,0.001178019491025552,1.0798496672227262,0.0,0.837277210605625,0.026760102649688117
2024-01-28 04:00:00+00:00,-0.005334581345501223,0.8953617649538609,0.0010744341179446332,-0.006409015463445856,1.072928894007299,-0.006409015463445855,0.9999999999999999,0.1090220440753343
2024-01-28 08:00:00+00:00,0.0019048305633180434,0.0,0.0,0.0019048305633180434,1.074972641756871,-0.004516392988663354,0.9999999999999999,0.1090220440753343
2024-01-28 12:00:00+00:00,0.0013751430287191296,0.0,0.0,0.0013751430287191296,1.076450882891247,-0.003147460646277467,0.9999999999999999,0.1090220440753343
2024-01-28 16:00:00+00:00,-0.00025483239752043126,0.0,0.0,-0.00025483239752043126,1.0761765683319466,-0.0034014909688553363,0.9999999999999999,0.1090220440753343
2024-01-28 20:00:00+00:00,0.004353712643957556,0.0,0.0,0.004353712643957556,1.0808619318646242,0.0,0.9999999999999999,0.1090220440753343
2024-01-29 00:00:00+00:00,0.007504153539409583,0.0,0.0,0.007504153539409583,1.0889728857562393,0.0,0.9999999999999999,0.1090220440753343
2024-01-29 04:00:00+00:00,0.014510116882648236,0.5017581356354092,0.0006021097627624911,0.013908007119885745,1.1041183284046996,0.0,0.9507328866345408,0.1582891574407934
2024-01-29 08:00:00+00:00,-0.010680650979134895,0.0,0.0,-0.010680650979134895,1.0923256258993432,-0.010680650979134843,0.9507328866345408,0.1582891574407934
2024-01-29 12:00:00+00:00,0.009050721284178893,0.0,0.0,0.009050721284178893,1.1022119606909244,-0.0017265972901017168,0.9507328866345408,0.1582891574407934
2024-01-29 16:00:00+00:00,0.00023619227168795867,0.0,0.0,0.00023619227168795867,1.1024722946378018,-0.0014908128273498633,0.9507328866345408,0.1582891574407934
2024-01-29 20:00:00+00:00,0.0013161611014627637,0.0,0.0,0.0013161611014627637,1.1039233257874443,-0.0001766138757400837,0.9507328866345408,0.1582891574407934
2024-01-30 00:00:00+00:00,0.004553310715784388,0.0,0.0,0.004553310715784388,1.1089498316961568,0.0,0.9507328866345408,0.1582891574407934
2024-01-30 04:00:00+00:00,-0.0019369552500517048,0.45890014411705493,0.000550680172940466,-0.002487635422992171,1.1061911688125083,-0.0024876354229920183,0.9571420084816457,0.15188003559368854
2024-01-30 08:00:00+00:00,0.010231462095400214,0.0,0.0,0.010231462095400214,1.11750912182648,0.0,0.9571420084816457,0.15188003559368854
2024-01-30 12:00:00+00:00,0.0027819170251726895,0.0,0.0,0.0027819170251726895,1.120617939478275,0.0,0.9571420084816457,0.15188003559368854
2024-01-30 16:00:00+00:00,0.0027394549868594176,0.0,0.0,0.0027394549868594176,1.1236878218809427,0.0,0.9571420084816457,0.15188003559368854
2024-01-30 20:00:00+00:00,0.005828051489563565,0.0,0.0,0.005828051489563565,1.1302367323650606,0.0,0.9571420084816457,0.15188003559368854
2024-01-31 00:00:00+00:00,0.004390091828809231,0.0,0.0,0.004390091828809231,1.1351985754084366,0.0,0.9571420084816457,0.15188003559368854
2024-01-31 04:00:00+00:00,-0.006486704937773268,0.36641415052371895,0.00043969698062846276,-0.006926401918401731,1.1273357338179606,-0.00692640191840177,1.0000000000000002,0.2329051864236341
2024-01-31 08:00:00+00:00,-0.008552410730328837,0.0,0.0,-0.008552410730328837,1.1176942955913727,-0.015419575214641212,1.0000000000000002,0.2329051864236341
2024-01-31 12:00:00+00:00,-0.010730459211431715,0.0,0.0,-0.010730459211431715,1.1057009225416796,-0.02598457530317455,1.0000000000000002,0.2329051864236341
2024-01-31 16:00:00+00:00,-0.0036475876684153342,0.0,0.0,-0.0036475876684153342,1.1016677814916611,-0.029537381955144992,1.0000000000000002,0.2329051864236341
2024-01-31 20:00:00+00:00,-7.259191809254155e-06,0.0,0.0,-7.259191809254155e-06,1.1016597842739253,-0.029544426729433027,1.0000000000000002,0.2329051864236341
2024-02-01 00:00:00+00:00,0.0008193738869091108,0.0,0.0,0.0008193738869091108,1.1025624555334173,-0.028749260774289742,1.0000000000000002,0.2329051864236341
2024-02-01 04:00:00+00:00,-0.009138664452737267,0.7827738656800022,0.0009393286388160027,-0.01007799309155327,1.0914508387235455,-0.03853751901437241,1.0,0.04713502295227989
2024-02-01 08:00:00+00:00,-0.004398316102014663,0.0,0.0,-0.004398316102014663,1.0866502929250303,-0.04276633492597448,1.0,0.04713502295227989
2024-02-01 12:00:00+00:00,0.0012743354339341028,0.0,0.0,0.0012743354339341028,1.0880350498975997,-0.04154649814801592,1.0,0.04713502295227989
2024-02-01 16:00:00+00:00,0.0001842544657663769,0.0,0.0,0.0001842544657663769,1.0882355252144538,-0.04136989881007014,1.0,0.04713502295227989
2024-02-01 20:00:00+00:00,-0.0030161695527852524,0.0,0.0,-0.0030161695527852524,1.0849532223570426,-0.04426128973366272,1.0,0.04713502295227989
2024-02-02 00:00:00+00:00,0.004074690080370083,0.0,0.0,0.004074690080370083,1.0893740704898465,-0.04036695069151475,1.0,0.04713502295227989
2024-02-02 04:00:00+00:00,0.002300204492320681,0.8078752167922287,0.0009694502601506746,0.0013307542321700063,1.0908237596445671,-0.039089914949817284,0.9750729310285507,0.05439013062511916
2024-02-02 08:00:00+00:00,-0.0025529198983406196,0.0,0.0,-0.0025529198983406196,1.0880389739629879,-0.04154304142645793,0.9750729310285507,0.05439013062511916
2024-02-02 12:00:00+00:00,-0.004697823605446043,0.0,0.0,-0.004697823605446043,1.0829275587874594,-0.046045703151248674,0.9750729310285507,0.05439013062511916
2024-02-02 16:00:00+00:00,0.0025734000248745555,0.0,0.0,0.0025734000248745555,1.0857143645941802,-0.04359079714000902,0.9750729310285507,0.05439013062511916
2024-02-02 20:00:00+00:00,-0.0018915756105772914,0.0,0.0,-0.0018915756105772914,1.0836606537820606,-0.045399917461870554,0.9750729310285507,0.05439013062511916
2024-02-03 00:00:00+00:00,-0.00013190835521008533,0.0,0.0,-0.00013190835521008533,1.0835177098876143,-0.04552583718864156,0.9750729310285507,0.05439013062511916
2024-02-03 04:00:00+00:00,0.004528975713062859,0.6342262418019925,0.000761071490162391,0.003767904222900468,1.0876003008422872,-0.041929469959935295,1.0000000000000002,-0.13406609309861522
2024-02-03 08:00:00+00:00,0.008134718594287904,0.0,0.0,0.008134718594287904,1.096447623232702,-0.03413583580457913,1.0000000000000002,-0.13406609309861522
2024-02-03 12:00:00+00:00,0.010785446323977037,0.0,0.0,0.010785446323977037,1.1082733002201304,-0.023718559705396602,1.0000000000000002,-0.13406609309861522
2024-02-03 16:00:00+00:00,-0.0066353049662057646,0.0,0.0,-0.0066353049662057646,1.1009195688872664,-0.030196484794598022,1.0000000000000002,-0.13406609309861522
2024-02-03 20:00:00+00:00,-0.006661186062348629,0.0,0.0,-0.006661186062348629,1.0935861387992276,-0.036656526453300975,1.0000000000000002,-0.13406609309861522
2024-02-04 00:00:00+00:00,-0.00041338766507384244,0.0,0.0,-0.00041338766507384244,1.0931340637787523,-0.03705476076249459,1.0000000000000002,-0.13406609309861522
2024-02-04 04:00:00+00:00,0.00019918601797302028,0.45754700272580484,0.0005490564032709659,-0.00034987038529794563,1.0927516085426756,-0.03739166678436756,0.9568279340850973,-0.13319974503357218
2024-02-04 08:00:00+00:00,-0.0024353364796379203,0.0,0.0,-0.0024353364796379203,1.0900903906872086,-0.03973594197385111,0.9568279340850973,-0.13319974503357218
2024-02-04 12:00:00+00:00,0.0035622626994770024,0.0,0.0,0.0035622626994770024,1.0939735790250118,-0.03631522913829621,0.9568279340850973,-0.13319974503357218
2024-02-04 16:00:00+00:00,0.0011347027119641708,0.0,0.0,0.0011347027119641708,1.0952149138119487,-0.035221733415320866,0.9568279340850973,-0.13319974503357218
2024-02-04 20:00:00+00:00,0.0014921627233850038,0.0,0.0,0.0014921627233850038,1.0968491526804343,-0.033782127249591065,0.9568279340850973,-0.13319974503357218
2024-02-05 00:00:00+00:00,-0.006505081520921451,0.0,0.0,-0.006505081520921451,1.0897140595260943,-0.0400674532788039,0.9568279340850973,-0.13319974503357218
2024-02-05 04:00:00+00:00,0.006310989494729945,0.9966295709467201,0.0011959554851360642,0.0051150340095938805,1.0952879840013028,-0.035157365655409056,1.0,0.01794271913661813
2024-02-05 08:00:00+00:00,-0.0027071636155716794,0.0,0.0,-0.0027071636155716794,1.0923228602224415,-0.037769352529859135,1.0,0.01794271913661813
2024-02-05 12:00:00+00:00,5.669863485783383e-05,0.0,0.0,5.669863485783383e-05,1.09238479343744,-0.0377147953657293,1.0,0.01794271913661813
2024-02-05 16:00:00+00:00,-0.001140659597765395,0.0,0.0,-0.001140659597765395,1.0911387542383526,-0.03881243522018307,1.0,0.01794271913661813
2024-02-05 20:00:00+00:00,0.0011581065676133067,0.0,0.0,0.0011581065676133067,1.0924024091958136,-0.03769927758870317,1.0,0.01794271913661813
2024-02-06 00:00:00+00:00,-0.002903326389307693,0.0,0.0,-0.002903326389307693,1.089230808453452,-0.04049315067052972,1.0,0.01794271913661813
2024-02-06 04:00:00+00:00,-0.0055118124644530815,0.3005093925335861,0.00036061127104030337,-0.005872423735493385,1.0828343836004595,-0.04612778146690055,0.9672493227866663,-0.014807958076715616
2024-02-06 08:00:00+00:00,-0.0008864970029093611,0.0,0.0,-0.0008864970029093611,1.0818744541647505,-0.046973386329788536,0.9672493227866663,-0.014807958076715616
2024-02-06 12:00:00+00:00,-0.007852211943282781,0.0,0.0,-0.007852211943282781,1.0733793466546255,-0.054456753287916104,0.9672493227866663,-0.014807958076715616
2024-02-06 16:00:00+00:00,-0.002374928675602037,0.0,0.0,-0.002374928675602037,1.0708301472644564,-0.05670235105855459,0.9672493227866663,-0.014807958076715616
2024-02-06 20:00:00+00:00,-0.00385783329378983,0.0,0.0,-0.00385783329378983,1.0666990630703457,-0.06034143613459453,0.9672493227866663,-0.014807958076715616
2024-02-07 00:00:00+00:00,0.002974944511804212,0.0,0.0,0.002974944511804212,1.0698724335937735,-0.057546004047053345,0.9672493227866663,-0.014807958076715616
2024-02-07 04:00:00+00:00,0.004355681154890944,0.6237035065363269,0.0007484442078435923,0.0036072369470473518,1.0737317169648606,-0.054146349171959374,0.9909528293229932,-0.038511464613042556
2024-02-07 08:00:00+00:00,-0.005159223125120446,0.0,0.0,-0.005159223125120446,1.0681920954605202,-0.05902621920029094,0.9909528293229932,-0.038511464613042556
2024-02-07 12:00:00+00:00,0.003950764188479386,0.0,0.0,0.003950764188479386,1.0724122705376822,-0.05530865368480964,0.9909528293229932,-0.038511464613042556
2024-02-07 16:00:00+00:00,-0.0035443670165344133,0.0,0.0,-0.0035443670165344133,1.0686112478578618,-0.05865698653349449,0.9909528293229932,-0.038511464613042556
2024-02-07 20:00:00+00:00,0.002648190193788049,0.0,0.0,0.002648190193788049,1.0714411336854106,-0.05616413119624164,0.9909528293229932,-0.038511464613042556
2024-02-08 00:00:00+00:00,-0.0003918298803536071,0.0,0.0,-0.0003918298803536071,1.0710213110341928,-0.05653395429178831,0.9909528293229932,-0.038511464613042556
2024-02-08 04:00:00+00:00,-0.0010105411480645604,0.3588964573181495,0.00043067574878177947,-0.0014412168968463398,1.069477737023848,-0.05789369349846374,0.9999999999999998,-0.10871968204627641
2024-02-08 08:00:00+00:00,0.003854411644894289,0.0,0.0,0.003854411644894289,1.0735999444673878,-0.05426242797995584,0.9999999999999998,-0.10871968204627641
2024-02-08 12:00:00+00:00,0.008497960205582087,0.0,0.0,0.008497960205582087,1.0827233540721868,-0.04622558772800578,0.9999999999999998,-0.10871968204627641
2024-02-08 16:00:00+00:00,0.0019188480210975147,0.0,0.0,0.0019188480210975147,1.084800935637544,-0.04439543958444436,0.9999999999999998,-0.10871968204627641
2024-02-08 20:00:00+00:00,0.005987233664852354,0.0,0.0,0.005987233664852354,1.0912958923190565,-0.03867401179003782,0.9999999999999998,-0.10871968204627641
2024-02-09 00:00:00+00:00,-0.00244527051472513,0.0,0.0,-0.00244527051472513,1.0886273786507281,-0.041024713884046715,0.9999999999999998,-0.10871968204627641
2024-02-09 04:00:00+00:00,-0.005472790629665164,0.0,0.0,-0.005472790629665164,1.0826695489336513,-0.04627298484398268,0.9999999999999998,-0.10871968204627641
2024-02-09 08:00:00+00:00,0.0031033707996219145,0.0,0.0,0.0031033707996219145,1.0860294739974519,-0.04331321627433693,0.9999999999999998,-0.10871968204627641
2024-02-09 12:00:00+00:00,0.005459849545173305,0.0,0.0,0.005459849545173305,1.0919590315271015,-0.03808985037333912,0.9999999999999998,-0.10871968204627641
2024-02-09 16:00:00+00:00,0.003222150658652587,0.0,0.0,0.003222150658652587,1.0954774880397582,-0.03499043095115495,0.9999999999999998,-0.10871968204627641
2024-02-09 20:00:00+00:00,-0.0022044866057342976,0.0,0.0,-0.0022044866057342976,1.093062522590491,-0.03711778162052859,0.9999999999999998,-0.10871968204627641
2024-02-10 00:00:00+00:00,0.003407996878464589,0.0,0.0,0.003407996878464589,1.096787676255446,-0.03383628202596234,0.9999999999999998,-0.10871968204627641
2024-02-10 04:00:00+00:00,-0.002272973328721115,0.28890293035257214,0.0003466835164230866,-0.0026196568451442017,1.0939144689116738,-0.036367299423282984,1.0,-0.09734659284912028
2024-02-10 08:00:00+00:00,-0.008403366369495851,0.0,0.0,-0.008403366369495851,1.0847219048525165,-0.044465058051855744,1.0,-0.09734659284912028
2024-02-10 12:00:00+00:00,-0.0016695349989091046,0.0,0.0,-0.0016695349989091046,1.082910923668282,-0.0460603570801188,1.0,-0.09734659284912028
2024-02-10 16:00:00+00:00,0.006004405099098146,0.0,0.0,0.006004405099098146,1.0894131595402248,-0.04033251702393881,1.0,-0.09734659284912028
2024-02-10 20:00:00+00:00,-0.001606381820981966,0.0,0.0,-0.001606381820981966,1.0876631460452009,-0.04187410942277903,1.0,-0.09734659284912028
2024-02-11 00:00:00+00:00,-0.004717491702183345,0.0,0.0,-0.004717491702183345,1.082532104178962,-0.046394060361224176,1.0,-0.09734659284912028
2024-02-11 04:00:00+00:00,0.0015884647372101557,0.6100265778334246,0.0007320318934001096,0.0008564328438100461,1.0834592202274598,-0.04557736091446496,1.0,0.008364503006775909
2024-02-11 08:00:00+00:00,-0.001968928376136722,0.0,0.0,-0.001968928376136722,1.0813259666243669,-0.04745655073138788,1.0,0.008364503006775909
2024-02-11 12:00:00+00:00,0.0022714597327352704,0.0,0.0,0.0022714597327352704,1.0837821550155153,-0.045292886642693375,1.0,0.008364503006775909
2024-02-11 16:00:00+00:00,-0.0009344974444558817,0.0,0.0,-0.0009344974444558817,1.0827693633613065,-0.04618505800032957,1.0,0.008364503006775909
2024-02-11 20:00:00+00:00,0.007233088647496862,0.0,0.0,0.007233088647496862,1.0906011301512926,-0.03928602997153885,1.0,0.008364503006775909
2024-02-12 00:00:00+00:00,0.000754725433199022,0.0,0.0,0.000754725433199022,1.0914242345616934,-0.03856095470432874,1.0,0.008364503006775909
2024-02-12 04:00:00+00:00,0.0048154490285156615,0.2932970115624395,0.0003519564138749274,0.0044634926146407345,1.0962957985720994,-0.03426957862622426,1.0,-0.08726358843372672
2024-02-12 08:00:00+00:00,0.0043035029270075955,0.0,0.0,0.0043035029270075955,1.1010137107501206,-0.030113554931141984,1.0,-0.08726358843372672
2024-02-12 12:00:00+00:00,-0.003141783828049254,0.0,0.0,-0.003141783828049254,1.0975545636792252,-0.033160728479303625,1.0,-0.08726358843372672
2024-02-12 16:00:00+00:00,-0.0020996879764444724,0.0,0.0,-0.0020996879764444724,1.0952500415583761,-0.035190789272870004,1.0,-0.08726358843372672
2024-02-12 20:00:00+00:00,-0.001253903796591924,0.0,0.0,-0.001253903796591924,1.0938767033730485,-0.036400567205187584,1.0,-0.08726358843372672
2024-02-13 00:00:00+00:00,-0.0064839983683719115,0.0,0.0,-0.0064839983683719115,1.0867840086131777,-0.042648544355193274,1.0,-0.08726358843372672
2024-02-13 04:00:00+00:00,6.348534166327954e-05,0.9246118761271981,0.0011095342513526378,-0.0010460489096893583,1.0856471793859,-0.04364998080156013,1.0000000000000002,-0.05728151940175036
2024-02-13 08:00:00+00:00,0.002840395905848089,0.0,0.0,0.002840395905848089,1.088730847189423,-0.04093356812247129,1.0000000000000002,-0.05728151940175036
2024-02-13 12:00:00+00:00,0.004804621579964422,0.0,0.0,0.004804621579964422,1.0939617869126024,-0.036325616847252884,1.0000000000000002,-0.05728151940175036
2024-02-13 16:00:00+00:00,0.0017157986670732833,0.0,0.0,0.0017157986670732833,1.095838805088416,-0.034672145625146866,1.0000000000000002,-0.05728151940175036
2024-02-13 20:00:00+00:00,0.0028268930113315932,0.0,0.0,0.0028268930113315932,1.0989366241480665,-0.03194326705997086,1.0000000000000002,-0.05728151940175036
2024-02-14 00:00:00+00:00,0.004036466720622524,0.0,0.0,0.004036466720622524,1.1033724452595135,-0.028035738273783806,1.0000000000000002,-0.05728151940175036
2024-02-14 04:00:00+00:00,-0.0018139233148472649,2.220446049250313e-16,2.664535259100376e-19,-0.001813923314847265,1.1013710122560971,-0.029798806909327347,0.9999999999999999,-0.057281519401750414
2024-02-14 08:00:00+00:00,-0.0019028310027295048,0.0,0.0,-0.0019028310027295048,1.0992752893484687,-0.03164493581842531,0.9999999999999999,-0.057281519401750414
2024-02-14 12:00:00+00:00,-0.008524571570064112,0.0,0.0,-0.008524571570064112,1.0899044384692147,-0.039899747868275326,0.9999999999999999,-0.057281519401750414
2024-02-14 16:00:00+00:00,0.004551739405208829,0.0,0.0,0.004551739405208829,1.094865399449707,-0.03552962171769636,0.9999999999999999,-0.057281519401750414
2024-02-14 20:00:00+00:00,-0.003374860619797247,0.0,0.0,-0.003374860619797247,1.0911703813291258,-0.03878457481632214,0.9999999999999999,-0.057281519401750414
2024-02-15 00:00:00+00:00,-0.00556296979794367,0.0,0.0,-0.00556296979794367,1.0851002334533812,-0.04413178719593647,0.9999999999999999,-0.057281519401750414
2024-02-15 04:00:00+00:00,-0.0035038020928441424,1.1606299403134388,0.0013927559283761267,-0.004896558021220269,1.0797869772014372,-0.048812251360571546,1.0,-0.15175266036681448
2024-02-15 08:00:00+00:00,-0.002493814962296982,0.0,0.0,-0.002493814962296982,1.077094188281599,-0.05118433760008201,1.0,-0.15175266036681448
2024-02-15 12:00:00+00:00,0.004506133152563483,0.0,0.0,0.004506133152563483,1.0819477181118482,-0.04690884788807026,1.0,-0.15175266036681448
2024-02-15 16:00:00+00:00,0.006327243512203178,0.0,0.0,0.006327243512203178,1.0887934647918145,-0.04087840807933174,1.0,-0.15175266036681448
2024-02-15 20:00:00+00:00,0.00047689919668238894,0.0,0.0,0.00047689919668238894,1.0893127095205266,-0.04042100376262414,1.0,-0.15175266036681448
2024-02-16 00:00:00+00:00,-0.002008357684798565,0.0,0.0,-0.002008357684798565,1.0871249799692122,-0.04234818161388887,1.0,-0.15175266036681448
2024-02-16 04:00:00+00:00,0.007360294494156346,0.7544762985605982,0.0009053715582727179,0.006454922935883628,1.0941422879365876,-0.03616661292679757,1.0000000000000002,-0.0677348111236073
2024-02-16 08:00:00+00:00,-0.0024473445027218413,0.0,0.0,-0.0024473445027218413,1.0914645448230105,-0.038525445268191016,1.0000000000000002,-0.0677348111236073
2024-02-16 12:00:00+00:00,0.0030501436958277617,0.0,0.0,0.0030501436958277617,1.0947936685236217,-0.03559280971637713,1.0000000000000002,-0.0677348111236073
2024-02-16 16:00:00+00:00,-0.004367924360567512,0.0,0.0,-0.004367924360567512,1.0900116925890824,-0.039805267376323394,1.0000000000000002,-0.0677348111236073
2024-02-16 20:00:00+00:00,0.0008513919918444533,0.0,0.0,0.0008513919918444533,1.0909397198151696,-0.0389877652703563,1.0000000000000002,-0.0677348111236073
2024-02-17 00:00:00+00:00,0.0022653658512090504,0.0,0.0,0.0022653658512090504,1.0934110974021665,-0.036810720971205635,1.0000000000000002,-0.0677348111236073
2024-02-17 04:00:00+00:00,0.008769107808529176,0.3570649747331319,0.00042847796967975833,0.008340629838849417,1.102530834627288,-0.02877711573007835,0.9999999999999999,-0.125563561474589
2024-02-17 08:00:00+00:00,0.0030038717692803833,0.0,0.0,0.0030038717692803833,1.105842695876186,-0.02585968672634087,0.9999999999999999,-0.125563561474589
2024-02-17 12:00:00+00:00,-0.003750441618048264,0.0,0.0,-0.003750441618048264,1.1016952974065573,-0.029513143099060946,0.9999999999999999,-0.125563561474589
2024-02-17 16:00:00+00:00,0.00194171619497864,0.0,0.0,0.00194171619497864,1.1038344770074633,-0.02762873305200253,0.9999999999999999,-0.125563561474589
2024-02-17 20:00:00+00:00,-0.0044372959353598624,0.0,0.0,-0.0044372959353598624,1.098936436769328,-0.03194343212249173,0.9999999999999999,-0.125563561474589
2024-02-18 00:00:00+00:00,0.0057186017559042596,0.0,0.0,0.0057186017559042596,1.1052208166062643,-0.026407502133612648,0.9999999999999999,-0.125563561474589
2024-02-18 04:00:00+00:00,0.002618049766053057,0.35613664875514284,0.00042736397850617143,0.0021906857875468853,1.1076420081413045,-0.02427466688567448,0.9886541706738969,-0.11421773214848605
2024-02-18 08:00:00+00:00,-0.00773604927449926,0.0,0.0,-0.00773604927449926,1.099073234987818,-0.03182292614102422,0.9886541706738969,-0.11421773214848605
2024-02-18 12:00:00+00:00,0.0022063634224827426,0.0,0.0,0.0022063634224827426,1.101498189972125,-0.02968677565877531,0.9886541706738969,-0.11421773214848605
2024-02-18 16:00:00+00:00,-0.006924627947165671,0.0,0.0,-0.006924627947165671,1.0938707248220916,-0.03640583372955308,0.9886541706738969,-0.11421773214848605
2024-02-18 20:00:00+00:00,0.004805638538853584,0.0,0.0,0.004805638538853584,1.0991274721338202,-0.03177514846830942,0.9886541706738969,-0.11421773214848605
2024-02-19 00:00:00+00:00,-0.0044967121593938505,0.0,0.0,-0.0044967121593938505,1.0941850122651522,-0.0361289769312193,0.9886541706738969,-0.11421773214848605
2024-02-19 04:00:00+00:00,-0.014905447077050016,0.6747741848272372,0.0008097290217926847,-0.015715176098842702,1.076989702112691,-0.05127637979531674,0.9999999999999999,-0.07940700621587801
2024-02-19 08:00:00+00:00,-5.8755306336816335e-05,0.0,0.0,-5.8755306336816335e-05,1.076926423252822,-0.05133212234225082,0.9999999999999999,-0.07940700621587801
2024-02-19 12:00:00+00:00,0.0034807784841929417,0.0,0.0,0.0034807784841929417,1.0806749655759393,-0.0480300196050546,0.9999999999999999,-0.07940700621587801
2024-02-19 16:00:00+00:00,0.0011512193861238343,0.0,0.0,0.0011512193861238343,1.081919059546409,-0.04693409330861609,0.9999999999999999,-0.07940700621587801
2024-02-19 20:00:00+00:00,0.009206887205521064,0.0,0.0,0.009206887205521064,1.0918801662931563,-0.038159323006280776,0.9999999999999999,-0.07940700621587801
2024-02-20 00:00:00+00:00,0.009856486934719359,0.0,0.0,0.009856486934719359,1.1026422688865039,-0.028678952940210722,0.9999999999999999,-0.07940700621587801
2024-02-20 04:00:00+00:00,-0.002196398423018677,0.0,0.0,-0.002196398423018677,1.100220427145968,-0.030812360956217533,0.9999999999999999,-0.07940700621587801
2024-02-20 08:00:00+00:00,0.0015196629501099384,0.0,0.0,0.0015196629501099384,1.1018923913660559,-0.02933952240945814,0.9999999999999999,-0.07940700621587801
2024-02-20 12:00:00+00:00,-0.00022731750563679144,0.0,0.0,-0.00022731750563679144,1.1016419119361704,-0.02956017052804416,0.9999999999999999,-0.07940700621587801
2024-02-20 16:00:00+00:00,0.008032588232691502,0.0,0.0,0.008032588232691502,1.1104909477946288,-0.021765026973292523,0.9999999999999999,-0.07940700621587801
2024-02-20 20:00:00+00:00,-0.001624670265646891,0.0,0.0,-0.001624670265646891,1.1086867661714768,-0.023354336246784957,0.9999999999999999,-0.07940700621587801
2024-02-21 00:00:00+00:00,-0.0015776965991010574,0.0,0.0,-0.0015776965991010574,1.1069375948310198,-0.024895186789015034,0.9999999999999999,-0.07940700621587801
2024-02-21 04:00:00+00:00,0.005786417294657287,1.06414004231709,0.0012769680507805081,0.004509449243876779,1.1119292737310496,-0.020498001126380005,0.932382361595436,-0.15979035016418938
2024-02-21 08:00:00+00:00,-0.0002530558534413423,0.0,0.0,-0.0002530558534413423,1.1116478935197192,-0.02074586984065241,0.932382361595436,-0.15979035016418938
2024-02-21 12:00:00+00:00,-0.0029689156589525283,0.0,0.0,-0.0029689156589525283,1.1083475046814069,-0.023653192761776465,0.932382361595436,-0.15979035016418938
2024-02-21 16:00:00+00:00,-0.00011254180547445695,0.0,0.0,-0.00011254180547445695,1.108222769252137,-0.02376307259423227,0.932382361595436,-0.15979035016418938
2024-02-21 20:00:00+00:00,0.001329820152149871,0.0,0.0,0.001329820152149871,1.1096965062237598,-0.022464853054895095,0.932382361595436,-0.15979035016418938
2024-02-22 00:00:00+00:00,0.0053944969579685104,0.0,0.0,0.0053944969579685104,1.1156827606508521,-0.017191542678392513,0.932382361595436,-0.15979035016418938
2024-02-22 04:00:00+00:00,0.005098482784502953,0.05391364412018726,6.469637294422472e-05,0.005033786411558728,1.1212988693710269,-0.012244294820761836,0.9862960057156233,-0.21370399428437667
2024-02-22 08:00:00+00:00,-0.00423366582476349,0.0,0.0,-0.00423366582476349,1.1165516646684248,-0.016426122392994347,0.9862960057156233,-0.21370399428437667
2024-02-22 12:00:00+00:00,0.0008213225542150831,0.0,0.0,0.0008213225542150831,1.1174687137335635,-0.015618290983578809,0.9862960057156233,-0.21370399428437667
2024-02-22 16:00:00+00:00,0.005020904466032299,0.0,0.0,0.005020904466032299,1.1230794173889997,-0.010675804464497785,0.9862960057156233,-0.21370399428437667
2024-02-22 20:00:00+00:00,0.007030532260761689,0.0,0.0,0.007030532260761689,1.1309752634643506,-0.0037203287914332472,0.9862960057156233,-0.21370399428437667
2024-02-23 00:00:00+00:00,0.012226004705472247,0.0,0.0,0.012226004705472247,1.1448025723572386,0.0,0.9862960057156233,-0.21370399428437667
2024-02-23 04:00:00+00:00,-0.006405215559950177,0.07185050848901436,8.622061018681725e-05,-0.0064914361701369945,1.137371159531373,-0.006491436170137033,1.0,-0.156295121900846
2024-02-23 08:00:00+00:00,0.0016955252452053302,0.0,0.0,0.0016955252452053302,1.1392996010455267,-0.004806917318835868,1.0,-0.156295121900846
2024-02-23 12:00:00+00:00,0.0013549153898475934,0.0,0.0,0.0013549153898475934,1.1408432556086305,-0.0034585148952412936,1.0,-0.156295121900846
2024-02-23 16:00:00+00:00,-0.0021129699155386875,0.0,0.0,-0.0021129699155386875,1.1384326881311844,-0.0055641770728538376,1.0,-0.156295121900846
2024-02-23 20:00:00+00:00,-0.0053682939537073,0.0,0.0,-0.0053682939537073,1.132321246814787,-0.010902600888423541,1.0,-0.156295121900846
2024-02-24 00:00:00+00:00,0.009959833205405295,0.0,0.0,0.009959833205405295,1.1435989775679989,-0.0010513557693719866,1.0,-0.156295121900846
2024-02-24 04:00:00+00:00,-0.0027244271412068463,0.5587054709349419,0.0006704465651219304,-0.003394873706328777,1.139716603468469,-0.004442660255643216,0.980557909984519,-0.13685303188536496
2024-02-24 08:00:00+00:00,-0.0008994595354976328,0.0,0.0,-0.0008994595354976328,1.1386914745017143,-0.0053381237980109075,0.980557909984519,-0.13685303188536496
2024-02-24 12:00:00+00:00,-0.001976928599025559,0.0,0.0,-0.001976928599025559,1.1364403627603052,-0.007304499307435042,0.980557909984519,-0.13685303188536496
2024-02-24 16:00:00+00:00,-0.002135986835630645,0.0,0.0,-0.002135986835630645,1.1340129411059698,-0.009424883828704211,0.980557909984519,-0.13685303188536496
2024-02-24 20:00:00+00:00,-0.00011945587924118965,0.0,0.0,-0.00011945587924118965,1.133877476593019,-0.009543213850160992,0.980557909984519,-0.13685303188536496
2024-02-25 00:00:00+00:00,-0.002604024221788674,0.0,0.0,-0.002604024221788674,1.1309248321794303,-0.01212238731193005,0.980557909984519,-0.13685303188536496
2024-02-25 04:00:00+00:00,-0.0014393067502942937,0.17755926211663667,0.00021307111453996403,-0.0016523778648342578,1.1290561170199456,-0.013754734412301128,1.0,0.04070623023127168
2024-02-25 08:00:00+00:00,-0.0027718736918521105,0.0,0.0,-0.0027718736918521105,1.1259265160725533,-0.016488481717697345,1.0,0.04070623023127168
2024-02-25 12:00:00+00:00,-0.008046032914040572,0.0,0.0,-0.008046032914040572,1.1168672742654424,-0.024401847765134876,1.0,0.04070623023127168
2024-02-25 16:00:00+00:00,0.008437934951013828,0.0,0.0,0.008437934951013828,1.1262913276746103,-0.016169814018247908,1.0,0.04070623023127168
2024-02-25 20:00:00+00:00,-0.002411571742836221,0.0,0.0,-0.002411571742836221,1.1235751953345887,-0.018542391094510724,1.0,0.04070623023127168
2024-02-26 00:00:00+00:00,-0.003861101685683215,0.0,0.0,-0.003861101685683215,1.1192369572538905,-0.022331898722682375,1.0,0.04070623023127168
2024-02-26 04:00:00+00:00,-0.0013623716326175623,1.491446476461579,0.001789735771753895,-0.0031521074043714572,1.1157090021536844,-0.025413613583736283,0.9999999999999999,0.11907515557763224
2024-02-26 08:00:00+00:00,0.006684922791968304,0.0,0.0,0.006684922791968304,1.1231674306913857,-0.018898578836440305,0.9999999999999999,0.11907515557763224
2024-02-26 12:00:00+00:00,-0.006132575236093106,0.0,0.0,-0.006132575236093106,1.1162795219199413,-0.024915257115963763,0.9999999999999999,0.11907515557763224
2024-02-26 16:00:00+00:00,0.003269816936102547,0.0,0.0,0.003269816936102547,1.1199295516061396,-0.021726908509546283,0.9999999999999999,0.11907515557763224
2024-02-26 20:00:00+00:00,-0.003025099233005353,0.0,0.0,-0.003025099233005353,1.116541653578556,-0.024686281688283795,0.9999999999999999,0.11907515557763224
2024-02-27 00:00:00+00:00,0.004883282037991713,0.0,0.0,0.004883282037991713,1.1219940413801457,-0.019923549726245215,0.9999999999999999,0.11907515557763224
2024-02-27 04:00:00+00:00,-0.0015850166136896098,0.0,0.0,-0.0015850166136896098,1.1202156621840975,-0.021476987182615037,0.9999999999999999,0.11907515557763224
2024-02-27 08:00:00+00:00,0.0006913787785161954,0.0,0.0,0.0006913787785161954,1.120990155520293,-0.020800457137263306,0.9999999999999999,0.11907515557763224
2024-02-27 12:00:00+00:00,0.006224025825895271,0.0,0.0,0.006224025825895271,1.1279672271988257,-0.014705893893780853,0.9999999999999999,0.11907515557763224
2024-02-27 16:00:00+00:00,0.0010551720343476233,0.0,0.0,0.0010551720343476233,1.1291574266726265,-0.01366623910741005,0.9999999999999999,0.11907515557763224
2024-02-27 20:00:00+00:00,-0.003676658494034815,0.0,0.0,-0.003676658494034815,1.125005900428748,-0.017292651507349155,0.9999999999999999,0.11907515557763224
2024-02-28 00:00:00+00:00,-0.0007099106934553945,0.0,0.0,-0.0007099106934553945,1.1242072467098332,-0.017990285962581343,0.9999999999999999,0.11907515557763224
2024-02-28 04:00:00+00:00,-0.000549817460007688,0.3463592849273964,0.00041563114191287573,-0.0009654486019205638,1.1231218823952283,-0.018938365868071072,0.9739879640434498,0.1450871915341824
2024-02-28 08:00:00+00:00,-0.0034356181604593217,0.0,0.0,-0.0034356181604593217,1.1192632644596618,-0.022308919034824792,0.9739879640434498,0.1450871915341824
2024-02-28 12:00:00+00:00,-0.001450339315188879,0.0,0.0,-0.001450339315188879,1.1176399529431693,-0.023726902847658105,0.9739879640434498,0.1450871915341824
2024-02-28 16:00:00+00:00,0.003894045499780222,0.0,0.0,0.003894045499780222,1.1219920937723022,-0.01992525098713549,0.9739879640434498,0.1450871915341824
2024-02-28 20:00:00+00:00,0.00662996279633437,0.0,0.0,0.00662996279633437,1.129430859611794,-0.013427391863553462,0.9739879640434498,0.1450871915341824
2024-02-29 00:00:00+00:00,-0.0037527101593437993,0.0,0.0,-0.0037527101593437993,1.1251924329506524,-0.01712971291303733,0.9739879640434498,0.1450871915341824
2024-02-29 04:00:00+00:00,0.004837778729057116,1.1045131732562723,0.0013254158079075268,0.003512362921149589,1.1291445171313064,-0.01367751576037346,0.9858138249838718,0.12549085900276588
2024-02-29 08:00:00+00:00,-0.0006376976532291198,0.0,0.0,-0.0006376976532291198,1.1284244643225751,-0.01430649129390027,0.9858138249838718,0.12549085900276588
2024-02-29 12:00:00+00:00,0.004141172628706869,0.0,0.0,0.004141172628706869,1.133097464827791,-0.010224564315352569,0.9858138249838718,0.12549085900276588
2024-02-29 16:00:00+00:00,0.002160391019692699,0.0,0.0,0.002160391019692699,1.1355453984152415,-0.008086262352587026,0.9858138249838718,0.12549085900276588
2024-02-29 20:00:00+00:00,0.0028252416833900473,0.0,0.0,0.0028252416833900473,1.138753588608226,-0.00528386631465827,0.9858138249838718,0.12549085900276588
2024-03-01 00:00:00+00:00,-0.00632705530139539,0.0,0.0,-0.00632705530139539,1.1315486316784393,-0.011577490301675653,0.9858138249838718,0.12549085900276588
2024-03-01 04:00:00+00:00,-0.0028350665302372064,0.44808569013031774,0.0005377028281563813,-0.0033727693583935877,1.127732179125982,-0.014911211455532758,0.9699878585051299,-0.09055073330798274
2024-03-01 08:00:00+00:00,-0.00423421923874105,0.0,0.0,-0.00423421923874105,1.1229571138369794,-0.019082293355855873,0.9699878585051299,-0.09055073330798274
2024-03-01 12:00:00+00:00,-0.0018522615777153905,0.0,0.0,-0.0018522615777153905,1.120877103521597,-0.020899209534773533,0.9699878585051299,-0.09055073330798274
2024-03-01 16:00:00+00:00,-0.0004752114481007706,0.0,0.0,-0.0004752114481007706,1.1203444498900894,-0.02136448943924718,0.9699878585051299,-0.09055073330798274
2024-03-01 20:00:00+00:00,0.0001401011573324176,0.0,0.0,0.0001401011573324176,1.1205014114441298,-0.021227381471611073,0.9699878585051299,-0.09055073330798274
2024-03-02 00:00:00+00:00,-0.002911499811108052,0.0,0.0,-0.002911499811108052,1.117239071796364,-0.024077077765574106,0.9699878585051299,-0.09055073330798274
2024-03-02 04:00:00+00:00,0.006235867820858037,0.5885424248326757,0.000706250909799211,0.005529616911058826,1.123416975861465,-0.01868059787089671,0.9502361838571358,-0.24976381614286433
2024-03-02 08:00:00+00:00,-0.0008409128602702202,0.0,0.0,-0.0008409128602702202,1.1224722800790172,-0.019505801976179682,0.9502361838571358,-0.24976381614286433
2024-03-02 12:00:00+00:00,-0.0047427127202966405,0.0,0.0,-0.0047427127202966405,1.117148716518106,-0.02415600428132436,0.9502361838571358,-0.24976381614286433
2024-03-02 16:00:00+00:00,-0.0029375161247502998,0.0,0.0,-0.0029375161247502998,1.11386707414959,-0.02702256175398876,0.9502361838571358,-0.24976381614286433
2024-03-02 20:00:00+00:00,-0.0031932697616051395,0.0,0.0,-0.0031932697616051395,1.1103101961032604,-0.030129541186263764,0.9502361838571358,-0.24976381614286433
2024-03-03 00:00:00+00:00,-0.004176732058202824,0.0,0.0,-0.004176732058202824,1.1056727279126466,-0.03418043022389494,0.9502361838571358,-0.24976381614286433
2024-03-03 04:00:00+00:00,-0.0054102733031871665,0.5554455455759291,0.0006665346546911149,-0.006076807957878281,1.098953767080858,-0.040049530271384914,1.0,-0.07997812209248226
2024-03-03 08:00:00+00:00,0.004152567723845386,0.0,0.0,0.004152567723845386,1.1035172470240364,-0.03606327093429951,1.0,-0.07997812209248226
2024-03-03 12:00:00+00:00,-0.009626303449218594,0.0,0.0,-0.009626303449218594,1.0928944551427369,-0.04534241839413311,1.0,-0.07997812209248226
2024-03-03 16:00:00+00:00,-0.0010355828766869437,0.0,0.0,-0.0010355828766869437,1.091762672358965,-0.046331045438743335,1.0,-0.07997812209248226
2024-03-03 20:00:00+00:00,-0.0009616463351814456,0.0,0.0,-0.0009616463351814456,1.090712782786203,-0.04724813769387359,1.0,-0.07997812209248226
2024-03-04 00:00:00+00:00,-0.0031198422299869174,0.0,0.0,-0.0031198422299869174,1.0873099309856802,-0.05022057318859485,1.0,-0.07997812209248226
2024-03-04 04:00:00+00:00,-0.0014950176399985875,1.05453514573751,0.0012654421748850122,-0.0027604598148835997,1.0843084556148703,-0.052842401129310934,0.9647308884336043,0.046878770879139914
2024-03-04 08:00:00+00:00,0.004418459895291988,0.0,0.0,0.004418459895291988,1.0890994290401306,-0.04865742326417988,0.9647308884336043,0.046878770879139914
2024-03-04 12:00:00+00:00,0.002592015285890356,0.0,0.0,0.002592015285890356,1.091922391408057,-0.04619152876316235,0.9647308884336043,0.046878770879139914
2024-03-04 16:00:00+00:00,-0.004104795749389847,0.0,0.0,-0.004104795749389847,1.0874402730171415,-0.050106717721627336,0.9647308884336043,0.046878770879139914
2024-03-04 20:00:00+00:00,-0.0032445518835755483,0.0,0.0,-0.0032445518835755483,1.0839120166310479,-0.05318869575983942,0.9647308884336043,0.046878770879139914
2024-03-05 00:00:00+00:00,-0.0007145872513079703,0.0,0.0,-0.0007145872513079703,1.0831374669224239,-0.0538652750472437,0.9647308884336043,0.046878770879139914
2024-03-05 04:00:00+00:00,0.0017916664663401019,0.8511738528908153,0.0010214086234689784,0.0007702578428711235,1.0839717620512286,-0.053136507354935913,0.9752071787463256,0.006807388767994471
2024-03-05 08:00:00+00:00,-0.0009135980280765343,0.0,0.0,-0.0009135980280765343,1.082981447586928,-0.05400155997467415,0.9752071787463256,0.006807388767994471
2024-03-05 12:00:00+00:00,0.005759269028439869,0.0,0.0,0.005759269028439869,1.0892186290963903,-0.048553300458083815,0.9752071787463256,0.006807388767994471
2024-03-05 16:00:00+00:00,-0.0011404246043149845,0.0,0.0,-0.0011404246043149845,1.0879764573722905,-0.049638353683935765,0.9752071787463256,0.006807388767994471
2024-03-05 20:00:00+00:00,-0.002332827345955926,0.0,0.0,-0.002332827345955926,1.085438396140776,-0.051855383321009696,0.9752071787463256,0.006807388767994471
2024-03-06 00:00:00+00:00,0.0006608978402958315,0.0,0.0,0.0006608978402958315,1.0861557600325595,-0.051228756591558566,0.9752071787463256,0.006807388767994471
2024-03-06 04:00:00+00:00,-0.0032149184488724173,0.5538510191356849,0.0006646212229628219,-0.0038795396718352393,1.081941975671721,-0.05490955226985794,1.0000000000000002,-0.16066627825030572
2024-03-06 08:00:00+00:00,0.00754898981879718,0.0,0.0,0.00754898981879718,1.0901095446305962,-0.04777507410210058,1.0000000000000002,-0.16066627825030572
2024-03-06 12:00:00+00:00,2.5374064285662613e-05,0.0,0.0,2.5374064285662613e-05,1.09013720514026,-0.047750912285616454,1.0000000000000002,-0.16066627825030572
2024-03-06 16:00:00+00:00,-0.0025535544046170946,0.0,0.0,-0.0025535544046170946,1.087353480478437,-0.050182532137842184,1.0000000000000002,-0.16066627825030572
2024-03-06 20:00:00+00:00,-0.0019034503992204916,0.0,0.0,-0.0019034503992204916,1.0852837570619267,-0.051990462576230856,1.0000000000000002,-0.16066627825030572
2024-03-07 00:00:00+00:00,0.0012291476023291027,0.0,0.0,0.0012291476023291027,1.0866177309897662,-0.0508252189263213,1.0000000000000002,-0.16066627825030572
2024-03-07 04:00:00+00:00,0.0054809270921541255,0.4070753725761781,0.0004884904470914138,0.004992436645062712,1.0920426011691344,-0.04608652396671964,0.9758532551958937,-0.18481302305441213
2024-03-07 08:00:00+00:00,-0.004563061565910472,0.0,0.0,-0.004563061565910472,1.0870595435474026,-0.05043928988641111,0.9758532551958937,-0.18481302305441213
2024-03-07 12:00:00+00:00,0.004193496363310265,0.0,0.0,0.004193496363310265,1.0916181237899705,-0.04645731050180746,0.9758532551958937,-0.18481302305441213
2024-03-07 16:00:00+00:00,0.0009022530600542898,0.0,0.0,0.0009022530600542898,1.0926030395825705,-0.04559697369231541,0.9758532551958937,-0.18481302305441213
2024-03-07 20:00:00+00:00,-0.004188950835369685,0.0,0.0,-0.004188950835369685,1.0880261791671837,-0.04959492104664631,0.9758532551958937,-0.18481302305441213
2024-03-08 00:00:00+00:00,-0.0065519382292925366,0.0,0.0,-0.0065519382292925366,1.080897498849427,-0.0558219164167546,0.9758532551958937,-0.18481302305441213
2024-03-08 04:00:00+00:00,-0.0029369004409883943,0.8561650536667256,0.0010273980644000707,-0.003964298505388465,1.07661249851026,-0.05956492018232429,0.9626672228666973,-0.1272895508906355
2024-03-08 08:00:00+00:00,-0.004976711275460395,0.0,0.0,-0.004976711275460395,1.0712545089496224,-0.06424519404789153,0.9626672228666973,-0.1272895508906355
2024-03-08 12:00:00+00:00,0.006445306727225911,0.0,0.0,0.006445306727225911,1.0781590728427264,-0.058213967302054526,0.9626672228666973,-0.1272895508906355
2024-03-08 16:00:00+00:00,0.0015632092391402717,0.0,0.0,0.0015632092391402717,1.0798444610666569,-0.05674175867444797,0.9626672228666973,-0.1272895508906355
2024-03-08 20:00:00+00:00,-0.003020493973935716,0.0,0.0,-0.003020493973935716,1.0765827973792172,-0.05959086450823692,0.9626672228666973,-0.1272895508906355
2024-03-09 00:00:00+00:00,-0.0036548558927531347,0.0,0.0,-0.0036548558927531347,1.0726480423981792,-0.06302792437868787,0.9626672228666973,-0.1272895508906355
2024-03-09 04:00:00+00:00,0.004930550969044594,1.063480702210562,0.0012761768426526744,0.0036543741263919197,1.0765678996510442,-0.0596038778683855,1.0,-0.19999999999999996
2024-03-09 08:00:00+00:00,-0.0028114841252622033,0.0,0.0,-0.0028114841252622033,1.0735411460914084,-0.06224778663721664,1.0,-0.19999999999999996
2024-03-09 12:00:00+00:00,-0.007026077542601286,0.0,0.0,-0.007026077542601286,1.065998362753797,-0.0688365064040497,1.0,-0.19999999999999996
2024-03-09 16:00:00+00:00,0.002880558839052662,0.0,0.0,0.002880558839052662,1.069069033760043,-0.06615423517196872,1.0,-0.19999999999999996
2024-03-09 20:00:00+00:00,0.004814381506319063,0.0,0.0,0.004814381506319063,1.0742159399451559,-0.061658345392026304,1.0,-0.19999999999999996
2024-03-10 00:00:00+00:00,-0.008545724787275073,0.0,0.0,-0.008545724787275073,1.0650359861602805,-0.06967715492874238,1.0,-0.19999999999999996
2024-03-10 04:00:00+00:00,-0.008186959356529178,0.5379245459598845,0.0006455094551518615,-0.00883246881168104,1.0556290890292017,-0.07789420244262868,1.0,0.04658108948248077
2024-03-10 08:00:00+00:00,0.005479752457190414,0.0,0.0,0.005479752457190414,1.0614136751236911,-0.07284129093267422,1.0,0.04658108948248077
2024-03-10 12:00:00+00:00,-0.0028140569823352,0.0,0.0,-0.0028140569823352,1.0584267965600633,-0.07545036837165797,1.0,0.04658108948248077
2024-03-10 16:00:00+00:00,-0.009265157945025575,0.0,0.0,-0.009265157945025575,1.048620305116687,-0.0840164667367097,1.0,0.04658108948248077
2024-03-10 20:00:00+00:00,0.0006235727546585598,0.0,0.0,0.0006235727546585598,1.0492741961689396,-0.08344528436165077,1.0,0.04658108948248077
2024-03-11 00:00:00+00:00,0.0038921134974303547,0.0,0.0,0.0038921134974303547,1.053358090430354,-0.07987794938178128,1.0,0.04658108948248077
2024-03-11 04:00:00+00:00,0.001963160173648664,1.0359252123331015,0.0012431102547997219,0.000720049918848942,1.0541165608378873,-0.07921541557390255,0.9786281155620905,0.10251194215895093
2024-03-11 08:00:00+00:00,0.0035481292620988293,0.0,0.0,0.0035481292620988293,1.0578567026530592,-0.07594835284581081,0.9786281155620905,0.10251194215895093
2024-03-11 12:00:00+00:00,0.007383834617957913,0.0,0.0,0.007383834617957913,1.0656677415949478,-0.06912530830477248,0.9786281155620905,0.10251194215895093
2024-03-11 16:00:00+00:00,-0.0006933618288185223,0.0,0.0,-0.0006933618288185223,1.0649288482607226,-0.06977074128340721,0.9786281155620905,0.10251194215895093
2024-03-11 20:00:00+00:00,0.0001840224090852694,0.0,0.0,0.0001840224090852694,1.065124819032884,-0.0695995582542166,0.9786281155620905,0.10251194215895093
2024-03-12 00:00:00+00:00,-0.0017410381217144583,0.0,0.0,-0.0017410381217144583,1.0632703961185634,-0.07121942089175604,0.9786281155620905,0.10251194215895093
2024-03-12 04:00:00+00:00,0.006751326444496634,0.5059204294437837,0.0006071045153325404,0.006144221929164094,1.0698033654030261,-0.06551278689021744,1.0,0.12590685899152373
2024-03-12 08:00:00+00:00,0.0032480520985873392,0.0,0.0,0.0032480520985873392,1.0732781424690991,-0.062477523736573226,1.0,0.12590685899152373
2024-03-12 12:00:00+00:00,0.005220477503803077,0.0,0.0,0.005220477503803077,1.0788811668671827,-0.05758320873993017,1.0,0.12590685899152373
2024-03-12 16:00:00+00:00,0.002859973193220691,0.0,0.0,0.002859973193220691,1.0819667380830935,-0.0548879219800853,1.0,0.12590685899152373
2024-03-12 20:00:00+00:00,0.0009590730907776397,0.0,0.0,0.0009590730907776397,1.0830044232667053,-0.05398149041828759,1.0,0.12590685899152373
2024-03-13 00:00:00+00:00,0.008198560239294106,0.0,0.0,0.008198560239294106,1.0918835002702796,-0.046225500679994536,1.0,0.12590685899152373
2024-03-13 04:00:00+00:00,-0.0016304943949478857,0.07898501872240221,9.478202246688266e-05,-0.0017252764174147683,1.089999699416699,-0.04787102533120291,0.9999999999999999,0.06984939873744142
2024-03-13 08:00:00+00:00,0.0077065889710397194,0.0,0.0,0.0077065889710397194,1.0983998790786602,-0.04053335867601304,0.9999999999999999,0.06984939873744142
2024-03-13 12:00:00+00:00,-0.007558217661854057,0.0,0.0,-0.007558217661854057,1.0900979337128296,-0.047785216390427765,0.9999999999999999,0.06984939873744142
2024-03-13 16:00:00+00:00,0.00026671507333474046,0.0,0.0,0.00026671507333474046,1.0903886792631619,-0.04753124635458694,0.9999999999999999,0.06984939873744142
2024-03-13 20:00:00+00:00,0.006257802570524676,0.0,0.0,0.006257802570524676,1.0972121163431259,-0.0415708849396802,0.9999999999999999,0.06984939873744142
2024-03-14 00:00:00+00:00,-0.0019365420613147524,0.0,0.0,-0.0019365420613147524,1.0950873189296433,-0.043426923233783166,0.9999999999999999,0.06984939873744142
2024-03-14 04:00:00+00:00,0.002055695245553057,0.0,0.0,0.002055695245553057,1.0973384847246324,-0.041460500507850884,0.9999999999999999,0.06984939873744142
2024-03-14 08:00:00+00:00,0.0073655311706889975,0.0,0.0,0.0073655311706889975,1.1054209655386684,-0.03440034794600466,0.9999999999999999,0.06984939873744142
2024-03-14 12:00:00+00:00,-0.0029571241559159613,0.0,0.0,-0.0029571241559159613,1.102152098499018,-0.037255746002037515,0.9999999999999999,0.06984939873744142
2024-03-14 16:00:00+00:00,-0.002801294040434929,0.0,0.0,-0.002801294040434929,1.0990646463938398,-0.03995267574322514,0.9999999999999999,0.06984939873744142
2024-03-14 20:00:00+00:00,-0.0029349630582345505,0.0,0.0,-0.0029349630582345505,1.0958389322580622,-0.04277037917407578,0.9999999999999999,0.06984939873744142
2024-03-15 00:00:00+00:00,-0.0030685024486672204,0.0,0.0,-0.0030685024486672204,1.0924763478110835,-0.04570764060951682,0.9999999999999999,0.06984939873744142
2024-03-15 04:00:00+00:00,-0.005685891578364471,0.11730004908437189,0.00014076005890124627,-0.005826651637265717,1.086110868710436,-0.05126796974778958,0.9901188458569812,-0.047450650346930495
2024-03-15 08:00:00+00:00,0.002960721953412883,0.0,0.0,0.002960721953412883,1.0893265410032673,-0.048459037997915844,0.9901188458569812,-0.047450650346930495
2024-03-15 12:00:00+00:00,-0.004397707869719265,0.0,0.0,-0.004397707869719265,1.084536001101203,-0.05264363717487275,0.9901188458569812,-0.047450650346930495
2024-03-15 16:00:00+00:00,-0.0009694829847350761,0.0,0.0,-0.0009694829847350761,1.0834845619018028,-0.05356208304911236,0.9901188458569812,-0.047450650346930495
2024-03-15 20:00:00+00:00,0.0004625885036187936,0.0,0.0,0.0004625885036187936,1.083985769403987,-0.05312427174934198,0.9901188458569812,-0.047450650346930495
2024-03-16 00:00:00+00:00,0.011065519849247862,0.0,0.0,0.011065519849247862,1.095980635451629,-0.042646599583613165,0.9901188458569812,-0.047450650346930495
2024-03-16 04:00:00+00:00,0.002134382601381461,1.1102176110457243,0.0013322611332548693,0.0008021214681265916,1.0968597450479758,-0.041878685868555254,1.0,-0.12009876518874302
2024-03-16 08:00:00+00:00,-0.0029771453067420264,0.0,0.0,-0.0029771453067420264,1.093594234205852,-0.044731152242211136,1.0,-0.12009876518874302
2024-03-16 12:00:00+00:00,0.006440481344529911,0.0,0.0,0.006440481344529911,1.1006375074697403,-0.03857876104921654,1.0,-0.12009876518874302
2024-03-16 16:00:00+00:00,0.004930163582019211,0.0,0.0,0.004930163582019211,1.106063830426072,-0.033838797069961624,1.0,-0.12009876518874302
2024-03-16 20:00:00+00:00,-0.003930910325326454,0.0,0.0,-0.003930910325326454,1.1017159926945799,-0.03763669011848925,1.0,-0.12009876518874302
2024-03-17 00:00:00+00:00,0.0065351466981030705,0.0,0.0,0.0065351466981030705,1.1089158683264853,-0.03134750471154146,1.0,-0.12009876518874302
2024-03-17 04:00:00+00:00,0.005389193382457023,0.5815320887364317,0.0006978385064837181,0.004691354875973305,1.1141181861924028,-0.026803212104646312,1.0,-0.1332260623564358
2024-03-17 08:00:00+00:00,0.004256799599647344,0.0,0.0,0.004256799599647344,1.1188607640413466,-0.02266050840755518,1.0,-0.1332260623564358
2024-03-17 12:00:00+00:00,0.0020985601258092243,0.0,0.0,0.0020985601258092243,1.1212087606270962,-0.02060950272112061,1.0,-0.1332260623564358
2024-03-17 16:00:00+00:00,-0.002856032697164838,0.0,0.0,-0.002856032697164838,1.1180065517463975,-0.023406674004641692,1.0,-0.1332260623564358
2024-03-17 20:00:00+00:00,-0.0038166573159653053,0.0,0.0,-0.0038166573159653053,1.1137395038613775,-0.027133996067024713,1.0,-0.1332260623564358
2024-03-18 00:00:00+00:00,0.002715730338949034,0.0,0.0,0.002715730338949034,1.1167641200217,-0.02449195434441176,1.0,-0.1332260623564358
2024-03-18 04:00:00+00:00,-0.0010780786897069726,0.0,0.0,-0.0010780786897069726,1.1155601604224752,-0.02554362878007077,1.0,-0.1332260623564358
2024-03-18 08:00:00+00:00,-0.005043784699867104,0.0,0.0,-0.005043784699867104,1.109933515153555,-0.030458576915917912,1.0,-0.1332260623564358
2024-03-18 12:00:00+00:00,-0.0003054632776719802,0.0,0.0,-0.0003054632776719802,1.1095944712240182,-0.030754736216851875,1.0,-0.1332260623564358
2024-03-18 16:00:00+00:00,-0.007173016451778881,0.0,0.0,-0.007173016451778881,1.1016353318271255,-0.03770714843977718,1.0,-0.1332260623564358
2024-03-18 20:00:00+00:00,-0.00496645346580178,0.0,0.0,-0.00496645346580178,1.0961641112153229,-0.042486331107524755,1.0,-0.1332260623564358
2024-03-19 00:00:00+00:00,-0.007670161914926045,0.0,0.0,-0.007670161914926045,1.0877563549969702,-0.0498306159836851,1.0,-0.1332260623564358
2024-03-19 04:00:00+00:00,0.004131357712713309,0.6554534764778844,0.0007865441717734614,0.0033448135409398475,1.0913946971824073,-0.046652476561840905,0.9350159519014842,-0.06824201425792004
2024-03-19 08:00:00+00:00,0.01018225144532768,0.0,0.0,0.01018225144532768,1.1025075524152157,-0.03694525236341328,0.9350159519014842,-0.06824201425792004
2024-03-19 12:00:00+00:00,0.00047720194621769796,0.0,0.0,0.00047720194621769796,1.1030336711649478,-0.036485680763527095,0.9350159519014842,-0.06824201425792004
2024-03-19 16:00:00+00:00,0.0047060209808118675,0.0,0.0,0.0047060209808118675,1.108224570763992,-0.03195136216188754,0.9350159519014842,-0.06824201425792004
2024-03-19 20:00:00+00:00,0.001993825739824498,0.0,0.0,0.001993825739824498,1.110434177438687,-0.030021241870364035,0.9350159519014842,-0.06824201425792004
2024-03-20 00:00:00+00:00,0.00510218666031669,0.0,0.0,0.00510218666031669,1.1160998198859744,-0.02507222918984442,0.9350159519014842,-0.06824201425792004
2024-03-20 04:00:00+00:00,0.004058425758941638,0.3551679886248047,0.0004262015863497657,0.003632224172591872,1.1201537446307896,-0.02153107297417678,0.9952347141896842,-0.1330011357692939
2024-03-20 08:00:00+00:00,-0.0003872627357626407,0.0,0.0,-0.0003872627357626407,1.1197199508271691,-0.021909997527715497,0.9952347141896842,-0.1330011357692939
2024-03-20 12:00:00+00:00,0.007728346321007639,0.0,0.0,0.007728346321007639,1.128373534389703,-0.014350979255494556,0.9952347141896842,-0.1330011357692939
2024-03-20 16:00:00+00:00,0.002472472555997863,0.0,0.0,0.002472472555997863,1.1311634069863958,-0.011913989101857703,0.9952347141896842,-0.1330011357692939
2024-03-20 20:00:00+00:00,-0.0065573742148176874,0.0,0.0,-0.0065573742148176874,1.1237459452286778,-0.018393238831743375,0.9952347141896842,-0.1330011357692939
2024-03-21 00:00:00+00:00,-0.0011729734201136148,0.0,0.0,-0.0011729734201136148,1.1224278211039642,-0.019544637471597404,0.9952347141896842,-0.1330011357692939
2024-03-21 04:00:00+00:00,0.004398308751004298,0.0,0.0,0.004398308751004298,1.1273646052118964,-0.015232292070619713,0.9952347141896842,-0.1330011357692939
2024-03-21 08:00:00+00:00,0.004854623472661199,0.0,0.0,0.004854623472661199,1.1328375358866054,-0.010451615640587053,0.9952347141896842,-0.1330011357692939
2024-03-21 12:00:00+00:00,-0.00020361933154135507,0.0,0.0,-0.00020361933154135507,1.1326068682648032,-0.01065310682113818,0.9952347141896842,-0.1330011357692939
2024-03-21 16:00:00+00:00,-0.008946590012893439,0.0,0.0,-0.008946590012893439,1.1224738989686507,-0.019504387854939353,0.9952347141896842,-0.1330011357692939
2024-03-21 20:00:00+00:00,0.0019394228385211146,0.0,0.0,0.0019394228385211146,1.1246508504839545,-0.017602792271675383,0.9952347141896842,-0.1330011357692939
2024-03-22 00:00:00+00:00,-0.003310607451343318,0.0,0.0,-0.003310607451343318,1.1209275729981827,-0.020855123787759666,0.9952347141896842,-0.1330011357692939
2024-03-22 04:00:00+00:00,-0.005051210463508698,0.3398238700865448,0.0004077886441038538,-0.005458999107612552,1.1148084303774872,-0.02620027479322573,1.0,-0.14631009837450512
2024-03-22 08:00:00+00:00,0.000938839658122039,0.0,0.0,0.000938839658122039,1.1158550567431345,-0.025286032992133278,1.0,-0.14631009837450512
2024-03-22 12:00:00+00:00,0.0037719103805880314,0.0,0.0,0.0037719103805880314,1.1200639620148956,-0.021609499261872056,1.0,-0.14631009837450512
2024-03-22 16:00:00+00:00,0.006509605260813107,0.0,0.0,0.006509605260813107,1.127355136274475,-0.015240563311137545,1.0,-0.14631009837450512
2024-03-22 20:00:00+00:00,-0.005213686896322159,0.0,0.0,-0.005213686896322159,1.1214774595729793,-0.020374790682231803,1.0,-0.14631009837450512
2024-03-23 00:00:00+00:00,0.002421907975748909,0.0,0.0,0.002421907975748909,1.1241935747769416,-0.01800222857454059,1.0,-0.14631009837450512
2024-03-23 04:00:00+00:00,-0.003594853538340137,0.42020545898090234,0.0005042465507770829,-0.00409910008911722,1.1195853927943884,-0.022027535726903524,0.9801185164036803,-0.1264286147781854
2024-03-23 08:00:00+00:00,-0.007524812517132523,0.0,0.0,-0.007524812517132523,1.1111607226166904,-0.02938659516747677,0.9801185164036803,-0.1264286147781854
2024-03-23 12:00:00+00:00,-0.007522351865498843,0.0,0.0,-0.007522351865498843,1.1028021806820456,-0.03668789072399692,0.9801185164036803,-0.1264286147781854
2024-03-23 16:00:00+00:00,-0.003663379004485679,0.0,0.0,-0.003663379004485679,1.098762198327234,-0.04021686807988545,0.9801185164036803,-0.1264286147781854
2024-03-23 20:00:00+00:00,-0.002245589481724007,0.0,0.0,-0.002245589481724007,1.0962948294917543,-0.042372146985661496,0.9801185164036803,-0.1264286147781854
2024-03-24 00:00:00+00:00,0.0017079179158607407,0.0,0.0,0.0017079179158607407,1.0981672110721088,-0.04073659721877099,0.9801185164036803,-0.1264286147781854
2024-03-24 04:00:00+00:00,-0.003951115358592441,1.6853260094756402,0.0020223912113707682,-0.005973506569963209,1.0916073020218513,-0.04646676345761003,1.0,-0.15705689765606579
2024-03-24 08:00:00+00:00,0.0011700064485359741,0.0,0.0,0.0011700064485359741,1.0928844896044858,-0.045351123421962014,1.0,-0.15705689765606579
2024-03-24 12:00:00+00:00,-0.00035321776758472393,0.0,0.0,-0.00035321776758472393,1.0924984633848398,-0.04568832236697418,1.0,-0.15705689765606579
2024-03-24 16:00:00+00:00,0.006670030662490321,0.0,0.0,0.006670030662490321,1.09978546163434,-0.03932303421558947,1.0,-0.15705689765606579
2024-03-24 20:00:00+00:00,0.005254555868676266,0.0,0.0,0.005254555868676266,1.1055643457860558,-0.0342751034271247,1.0,-0.15705689765606579
2024-03-25 00:00:00+00:00,0.007555970025661842,0.0,0.0,0.007555970025661842,1.1139179568442557,-0.026978115055584673,1.0,-0.15705689765606579
2024-03-25 04:00:00+00:00,0.0007809756079335233,0.0,0.0,0.0007809756079335233,1.1147878995977902,-0.026218208697457612,1.0,-0.15705689765606579
2024-03-25 08:00:00+00:00,-0.003255046274548717,0.0,0.0,-0.003255046274548717,1.1111592133982924,-0.02938791348946035,1.0,-0.15705689765606579
2024-03-25 12:00:00+00:00,-0.012301961573823727,0.0,0.0,-0.012301961573823727,1.0974897754526665,-0.041328346080801825,1.0,-0.15705689765606579
2024-03-25 16:00:00+00:00,-0.0026532950876140553,0.0,0.0,-0.0026532950876140553,1.0945778112227513,-0.04387198487078037,1.0,-0.15705689765606579
2024-03-25 20:00:00+00:00,-0.0015041269219808837,0.0,0.0,-0.0015041269219808837,1.0929314272686883,-0.045310122759196436,1.0,-0.15705689765606579
2024-03-26 00:00:00+00:00,-0.006115345136748982,0.0,0.0,-0.006115345136748982,1.0862477743801406,-0.0511483808570844,1.0,-0.15705689765606579
2024-03-26 04:00:00+00:00,0.0028382093253721086,0.7698282874312874,0.0009237939449175449,0.0019144153804545637,1.0883273038263985,-0.04933188472362793,1.0,-0.11747461871710538
2024-03-26 08:00:00+00:00,0.0017864079622932417,0.0,0.0,0.0017864079622932417,1.0902715003875352,-0.047633603632999955,1.0,-0.11747461871710538
2024-03-26 12:00:00+00:00,0.00021021895796216708,0.0,0.0,0.00021021895796216708,1.0905006961262427,-0.04743339816155734,1.0,-0.11747461871710538
2024-03-26 16:00:00+00:00,0.00018004907415145686,0.0,0.0,0.00018004907415145686,1.0906970397669418,-0.04726188942682863,1.0,-0.11747461871710538
2024-03-26 20:00:00+00:00,0.002302144321020873,0.0,0.0,0.002302144321020873,1.0932079817629956,-0.04506854879615241,1.0,-0.11747461871710538
2024-03-27 00:00:00+00:00,0.006347844093268185,0.0,0.0,0.006347844093268185,1.1001474955927435,-0.03900679282415198,1.0,-0.11747461871710538
2024-03-27 04:00:00+00:00,-0.0027319370903158176,0.4944699149187876,0.0005933638979025451,-0.003325300988218363,1.096489174038463,-0.04220238448564495,0.9656333464859321,-0.15184127223117308
2024-03-27 08:00:00+00:00,-0.0014672941796975594,0.0,0.0,-0.0014672941796975594,1.094880301855295,-0.04360775535221728,0.9656333464859321,-0.15184127223117308
2024-03-27 12:00:00+00:00,-0.0008533373714977785,0.0,0.0,-0.0008533373714977785,1.0939459995764051,-0.04442388059638591,0.9656333464859321,-0.15184127223117308
2024-03-27 16:00:00+00:00,-0.0019286500252708757,0.0,0.0,-0.0019286500252708757,1.091836160596677,-0.046266852503222045,0.9656333464859321,-0.15184127223117308
2024-03-27 20:00:00+00:00,0.00596661223979163,0.0,0.0,0.00596661223979163,1.0983507235963403,-0.04057629663187268,0.9656333464859321,-0.15184127223117308
2024-03-28 00:00:00+00:00,-0.00536682845143792,0.0,0.0,-0.00536682845143792,1.092456063683286,-0.045725359060092674,0.9656333464859321,-0.15184127223117308
2024-03-28 04:00:00+00:00,-0.0006980710752518144,0.7420221408683896,0.0008904265690420675,-0.001588497644293882,1.0907206997996306,-0.0472412220792352,1.0,0.07828353415227904
2024-03-28 08:00:00+00:00,-0.003000329910706583,0.0,0.0,-0.003000329910706583,1.087448177859795,-0.05009981273831898,1.0,0.07828353415227904
2024-03-28 12:00:00+00:00,-0.004340227298782346,0.0,0.0,-0.004340227298782346,1.0827284055922368,-0.05422259546219066,1.0,0.07828353415227904
2024-03-28 16:00:00+00:00,0.00040647772992763416,0.0,0.0,0.00040647772992763416,1.08316851057667,-0.053838158009777426,1.0,0.07828353415227904
2024-03-28 20:00:00+00:00,-0.00040332473366670285,0.0,0.0,-0.00040332473366670285,1.0827316419256254,-0.05421976848270371,1.0,0.07828353415227904
2024-03-29 00:00:00+00:00,0.00012771701686508616,0.0,0.0,0.00012771701686508616,1.0828699251809975,-0.05409897625292448,1.0,0.07828353415227904
2024-03-29 04:00:00+00:00,-0.003075083802344887,0.40525192487563655,0.0004863023098507639,-0.003561386112195651,1.0790134072681434,-0.057467695022409004,0.9577646929242631,0.036048227076542094
2024-03-29 08:00:00+00:00,0.007504943711143387,0.0,0.0,0.007504943711143387,1.0871113421532599,-0.05039404312761797,0.9577646929242631,0.036048227076542094
2024-03-29 12:00:00+00:00,-0.0025057165409952493,0.0,0.0,-0.0025057165409952493,1.084387349281323,-0.05277348648118074,0.9577646929242631,0.036048227076542094
2024-03-29 16:00:00+00:00,-0.006227091514487059,0.0,0.0,-0.006227091514487059,1.077634770020196,-0.058671952665810934,0.9577646929242631,0.036048227076542094
2024-03-29 20:00:00+00:00,0.003139789799828624,0.0,0.0,0.003139789799828624,1.0810183166790461,-0.05571638046449845,0.9577646929242631,0.036048227076542094
2024-03-30 00:00:00+00:00,-0.00884102438627261,0.0,0.0,-0.00884102438627261,1.0714610073792792,-0.06406481497236971,0.9577646929242631,0.036048227076542094
2024-03-30 04:00:00+00:00,0.0012103999823781016,0.7186279148921102,0.0008623534978705323,0.00034804648450756934,1.0718339256161844,-0.06373906602149404,0.9574536661881428,0.08162884866098938
2024-03-30 08:00:00+00:00,-0.0033463523078892847,0.0,0.0,-0.0033463523078892847,1.0682471916855247,-0.06687212495869943,0.9574536661881428,0.08162884866098938
2024-03-30 12:00:00+00:00,0.0026166434850472394,0.0,0.0,0.0026166434850472394,1.0710424137400687,-0.06443046198375668,0.9574536661881428,0.08162884866098938
2024-03-30 16:00:00+00:00,0.0013511556223565237,0.0,0.0,0.0013511556223565237,1.0724895587191758,-0.06316636194236058,0.9574536661881428,0.08162884866098938
2024-03-30 20:00:00+00:00,0.0008427670689660912,0.0,0.0,0.0008427670689660912,1.0733934176010744,-0.06237682940310585,0.9574536661881428,0.08162884866098938
2024-03-31 00:00:00+00:00,-0.0016314971363212232,0.0,0.0,-0.0016314971363212232,1.0716421793141122,-0.06390655892088304,0.9574536661881428,0.08162884866098938
2024-03-31 04:00:00+00:00,0.000711718725341776,0.6683986142250999,0.00080207833707012,-9.035961172834401e-05,1.0715453461428777,-0.06399114396076044,1.0,-0.15189921141327264
2024-03-31 08:00:00+00:00,-0.0020135360831224224,0.0,0.0,-0.0020135360831224224,1.069387750923717,-0.06587583156651755,1.0,-0.15189921141327264
2024-03-31 12:00:00+00:00,-0.0016942223678220547,0.0,0.0,-0.0016942223678220547,1.0675759702762273,-0.06745844562700065,1.0,-0.15189921141327264
2024-03-31 16:00:00+00:00,-0.0010170703119671237,0.0,0.0,-0.0010170703119671237,1.0664901704510898,-0.06840690595662913,1.0,-0.15189921141327264
2024-03-31 20:00:00+00:00,0.003760130874116018,0.0,0.0,0.003760130874116018,1.0705003130679442,-0.0649039940016034,1.0,-0.15189921141327264
2024-04-01 00:00:00+00:00,0.00165214895942649,0.0,0.0,0.00165214895942649,1.0722689390462452,-0.06335907610832925,1.0,-0.15189921141327264
2024-04-01 04:00:00+00:00,5.734378389093877e-05,0.1705707031568522,0.00020468484378822265,-0.00014734105989728388,1.0721109498042711,-0.06349708177479862,0.9999999999999999,-0.05365908218497997
2024-04-01 08:00:00+00:00,-0.0023422883702324173,0.0,0.0,-0.0023422883702324173,1.0695997567949458,-0.0656906416688463,0.9999999999999999,-0.05365908218497997
2024-04-01 12:00:00+00:00,0.0017941977916989713,0.0,0.0,0.0017941977916989713,1.071518830316589,-0.06401430588136481,0.9999999999999999,-0.05365908218497997
2024-04-01 16:00:00+00:00,0.0038100834646164995,0.0,0.0,0.0038100834646164995,1.0756014064940034,-0.06044812226508589,0.9999999999999999,-0.05365908218497997
2024-04-01 20:00:00+00:00,0.0024591598135807963,0.0,0.0,0.0024591598135807963,1.0782464822482845,-0.05813761404458584,0.9999999999999999,-0.05365908218497997
2024-04-02 00:00:00+00:00,0.007269077003539998,0.0,0.0,0.007269077003539998,1.0860843389565433,-0.05129114383433797,0.9999999999999999,-0.05365908218497997
2024-04-02 04:00:00+00:00,0.002142940069460156,0.24521271750946017,0.00029425526101135223,0.0018486848084488035,1.0880921665746666,-0.04953728018430359,1.0,-0.051698073065134326
2024-04-02 08:00:00+00:00,0.0017995285058327168,0.0,0.0,0.0017995285058327168,1.090050219445391,-0.04782689542626395,1.0,-0.051698073065134326
2024-04-02 12:00:00+00:00,0.00018984768054033734,0.0,0.0,0.00018984768054033734,1.0902571629512252,-0.04764612757088771,1.0,-0.051698073065134326
2024-04-02 16:00:00+00:00,-0.007276872101121469,0.0,0.0,-0.007276872101121469,1.0823235010190975,-0.05457628489556221,1.0,-0.051698073065134326
2024-04-02 20:00:00+00:00,-0.0012489716071099322,0.0,0.0,-0.0012489716071099322,1.080971709696617,-0.055757092272415876,1.0,-0.051698073065134326
2024-04-03 00:00:00+00:00,0.00013935697525512008,0.0,0.0,0.00013935697525512008,1.0811223506444165,-0.05562550543688893,1.0,-0.051698073065134326
2024-04-03 04:00:00+00:00,0.002047496159518173,0.12068211230871143,0.00014481853477045373,0.0019026776247477195,1.0831793779506023,-0.05382866521670138,0.9883446903989486,0.06898403924357716
2024-04-03 08:00:00+00:00,0.00030032535016188847,0.0,0.0,0.00030032535016188847,1.0835046841765734,-0.05354450597926941,0.9883446903989486,0.06898403924357716
2024-04-03 12:00:00+00:00,0.000643397224160847,0.0,0.0,0.000643397224160847,1.0842018080827378,-0.05293555914162473,0.9883446903989486,0.06898403924357716
2024-04-03 16:00:00+00:00,-0.000300764078869774,0.0,0.0,-0.000300764078869774,1.0838757191246209,-0.053220402105809805,0.9883446903989486,0.06898403924357716
2024-04-03 20:00:00+00:00,0.0038020080837382437,0.0,0.0,0.0038020080837382437,1.0879966233705003,-0.04962073842109771,0.9883446903989486,0.06898403924357716
2024-04-04 00:00:00+00:00,-0.00539842974523271,0.0,0.0,-0.00539842974523271,1.082123150036184,-0.05475129409605761,0.9883446903989486,0.06898403924357716
2024-04-04 04:00:00+00:00,0.003936980789549514,0.960123526069887,0.0011521482312838646,0.002784832558265649,1.0851366818164578,-0.05211893472419793,0.9820635975641219,0.2179364024358783
2024-04-04 08:00:00+00:00,-0.0009283137734004633,0.0,0.0,-0.0009283137734004633,1.0841293344887055,-0.0529988657726389,0.9820635975641219,0.2179364024358783
2024-04-04 12:00:00+00:00,0.007932701728243504,0.0,0.0,0.007932701728243504,1.0927294091340436,-0.04548658823850493,0.9820635975641219,0.2179364024358783
2024-04-04 16:00:00+00:00,0.002392879480057527,0.0,0.0,0.002392879480057527,1.095344178914416,-0.04320255268206097,0.9820635975641219,0.2179364024358783
2024-04-04 20:00:00+00:00,0.007239751601120991,0.0,0.0,0.007239751601120991,1.10327419868749,-0.03627557683089255,0.9820635975641219,0.2179364024358783
2024-04-05 00:00:00+00:00,-0.0011172542716270514,0.0,0.0,-0.0011172542716270514,1.1020415608762306,-0.037352302059349585,0.9820635975641219,0.2179364024358783
2024-04-05 04:00:00+00:00,0.0011823305519173166,0.9980706987135726,0.0011976848384562871,-1.5354286538970478e-05,1.102024639814327,-0.03736708282793988,0.9715492364767895,0.22845076352321053
2024-04-05 08:00:00+00:00,0.008063558864116917,0.0,0.0,0.008063558864116917,1.110910880367177,-0.02960483563578642,0.9715492364767895,0.22845076352321053
2024-04-05 12:00:00+00:00,-0.004267901182869984,0.0,0.0,-0.004267901182869984,1.1061696225067947,-0.03374638630562787,0.9715492364767895,0.22845076352321053
2024-04-05 16:00:00+00:00,-0.0014289456774945822,0.0,0.0,-0.0014289456774945822,1.104588966206138,-0.03512711023027992,0.9715492364767895,0.22845076352321053
2024-04-05 20:00:00+00:00,0.0005422268092188831,0.0,0.0,0.0005422268092188831,1.105187903956782,-0.034603930281958406,0.9715492364767895,0.22845076352321053
2024-04-06 00:00:00+00:00,0.01170030173500182,0.0,0.0,0.01170030173500182,1.1181189359069508,-0.023308504972472388,0.9715492364767895,0.22845076352321053
2024-04-06 04:00:00+00:00,0.0013407186916409848,0.0,0.0,0.0013407186916409848,1.119618018863799,-0.021999036429122154,0.9715492364767895,0.22845076352321053
2024-04-06 08:00:00+00:00,0.0028908311030240697,0.0,0.0,0.0028908311030240697,1.1228546454562365,-0.019171800824844043,0.9715492364767895,0.22845076352321053
2024-04-06 12:00:00+00:00,0.0068792557061109925,0.0,0.0,0.0068792557061109925,1.1305790496831245,-0.01242443283895378,0.9715492364767895,0.22845076352321053
2024-04-06 16:00:00+00:00,-0.002819578942923047,0.0,0.0,-0.002819578942923047,1.127391292801328,-0.01520898011266636,0.9715492364767895,0.22845076352321053
2024-04-06 20:00:00+00:00,-0.0014510574361716426,0.0,0.0,-0.0014510574361716426,1.1257553832824336,-0.016637968445148865,0.9715492364767895,0.22845076352321053
2024-04-07 00:00:00+00:00,-0.004322420506400819,0.0,0.0,-0.004322420506400819,1.1208893951285426,-0.02088847265555749,0.9715492364767895,0.22845076352321053
2024-04-07 04:00:00+00:00,0.004202584402035722,0.35064505941149754,0.0004207740712937971,0.003781810330741925,1.1251283862226586,-0.017185658566497786,0.9703660269622258,0.22726755400864695
2024-04-07 08:00:00+00:00,-0.002209517322993179,0.0,0.0,-0.002209517322993179,1.1226423955627083,-0.019357203879181384,0.9703660269622258,0.22726755400864695
2024-04-07 12:00:00+00:00,-0.004825497207505053,0.0,0.0,-0.004825497207505053,1.1172250878178938,-0.024089292953422214,0.9703660269622258,0.22726755400864695
2024-04-07 16:00:00+00:00,0.0003983352104868468,0.0,0.0,0.0003983352104868468,1.1176701179084108,-0.023700553356514553,0.9703660269622258,0.22726755400864695
2024-04-07 20:00:00+00:00,0.0025096204037958654,0.0,0.0,0.0025096204037958654,1.1204750456410266,-0.021250412345003467,0.9703660269622258,0.22726755400864695
2024-04-08 00:00:00+00:00,0.017915741367575524,0.0,0.0,0.017915741367575524,1.1405491867675535,-0.003715387868955533,0.9703660269622258,0.22726755400864695
2024-04-08 04:00:00+00:00,0.002538378636260734,0.4223778254794249,0.0005068533905753099,0.0020315252456854244,1.1428662412344177,-0.0016914105275234181,1.0,0.19363355580982622
2024-04-08 08:00:00+00:00,0.0025807127388227605,0.0,0.0,0.0025807127388227605,1.1458156507019417,0.0,1.0,0.19363355580982622
2024-04-08 12:00:00+00:00,0.008828612399086862,0.0,0.0,0.008828612399086862,1.1559316129627966,0.0,1.0,0.19363355580982622
2024-04-08 16:00:00+00:00,0.0011518981810187388,0.0,0.0,0.0011518981810187388,1.1572631284851504,0.0,1.0,0.19363355580982622
2024-04-08 20:00:00+00:00,0.004458861923551433,0.0,0.0,0.004458861923551433,1.1624232049842829,0.0,1.0,0.19363355580982622
2024-04-09 00:00:00+00:00,0.004506626017775831,0.0,0.0,0.004506626017775831,1.1676618116435313,0.0,1.0,0.19363355580982622
2024-04-09 04:00:00+00:00,-0.003176999870694883,0.30954387682180107,0.00037145265218616134,-0.0035484525228810446,1.163518419142133,-0.0035484525228809405,1.0,0.19869386042399256
2024-04-09 08:00:00+00:00,-0.0001384593223191488,0.0,0.0,-0.0001384593223191488,1.1633573191703128,-0.0036864205288684726,1.0,0.19869386042399256
2024-04-09 12:00:00+00:00,-0.0003975048263054064,0.0,0.0,-0.0003975048263054064,1.1628948790212248,-0.004082459985221942,1.0,0.19869386042399256
2024-04-09 16:00:00+00:00,-0.0029728423644265816,0.0,0.0,-0.0029728423644265816,1.1594377758594958,-0.007043165839653365,1.0,0.19869386042399256
2024-04-09 20:00:00+00:00,0.0,0.0,0.0,0.0,1.1594377758594958,-0.007043165839653365,1.0,0.19869386042399256
