,BTCUSDT,ETHUSDT,SOLUSDT,BNBUSDT,XRPUSDT,TRXUSDT,DOGEUSDT,ADAUSDT
2024-01-01 00:00:00+00:00,0.0,0.0,0.0,0.0,0.0,0.0,0.0,0.0
2024-01-01 04:00:00+00:00,0.0,0.0,0.0,0.0,0.0,0.0,0.0,0.0
2024-01-01 08:00:00+00:00,0.0,0.0,0.0,0.0,0.0,0.0,0.0,0.0
2024-01-01 12:00:00+00:00,0.0,0.0,0.0,0.0,0.0,0.0,0.0,0.0
2024-01-01 16:00:00+00:00,0.0,0.0,0.0,0.0,0.0,0.0,0.0,0.0
2024-01-01 20:00:00+00:00,0.0,0.0,0.0,0.0,0.0,0.0,0.0,0.0
2024-01-02 00:00:00+00:00,0.0,0.0,0.0,0.0,0.0,0.0,0.0,0.0
2024-01-02 04:00:00+00:00,0.0,0.0,0.0,0.0,0.0,0.0,0.0,0.0
2024-01-02 08:00:00+00:00,0.0,0.0,0.0,0.0,0.0,0.0,0.0,0.0
2024-01-02 12:00:00+00:00,0.0,0.0,0.0,0.0,0.0,0.0,0.0,0.0
2024-01-02 16:00:00+00:00,0.0,0.0,0.0,0.0,0.0,0.0,0.0,0.0
2024-01-02 20:00:00+00:00,0.0,0.0,0.0,0.0,0.0,0.0,0.0,0.0
2024-01-03 00:00:00+00:00,0.0,0.0,0.0,0.0,0.0,0.0,0.0,0.0
2024-01-03 04:00:00+00:00,0.0,0.0,0.0,0.0,0.0,0.0,0.0,0.0
2024-01-03 08:00:00+00:00,0.0,0.0,0.0,0.0,0.0,0.0,0.0,0.0
2024-01-03 12:00:00+00:00,0.0,0.0,0.0,0.0,0.0,0.0,0.0,0.0
2024-01-03 16:00:00+00:00,0.0,0.0,0.0,0.0,0.0,0.0,0.0,0.0
2024-01-03 20:00:00+00:00,0.0,0.0,0.0,0.0,0.0,0.0,0.0,0.0
2024-01-04 00:00:00+00:00,0.0,0.0,0.0,0.0,0.0,0.0,0.0,0.0
2024-01-04 04:00:00+00:00,0.0,0.0,0.0,0.0,0.0,0.0,0.0,0.0
2024-01-04 08:00:00+00:00,0.0,0.0,0.0,0.0,0.0,0.0,0.0,0.0
2024-01-04 12:00:00+00:00,0.0,0.0,0.0,0.0,0.0,0.0,0.0,0.0
2024-01-04 16:00:00+00:00,0.0,0.0,0.0,0.0,0.0,0.0,0.0,0.0
2024-01-04 20:00:00+00:00,0.0,0.0,0.0,0.0,0.0,0.0,0.0,0.0
2024-01-05 00:00:00+00:00,0.0,0.0,0.0,0.0,0.0,0.0,0.0,0.0
2024-01-05 04:00:00+00:00,0.0,0.0,0.0,0.0,0.0,0.0,0.0,0.0
2024-01-05 08:00:00+00:00,0.0,0.0,0.0,0.0,0.0,0.0,0.0,0.0
2024-01-05 12:00:00+00:00,0.0,0.0,0.0,0.0,0.0,0.0,0.0,0.0
2024-01-05 16:00:00+00:00,0.0,0.0,0.0,0.0,0.0,0.0,0.0,0.0
2024-01-05 20:00:00+00:00,0.0,0.0,0.0,0.0,0.0,0.0,0.0,0.0
2024-01-06 00:00:00+00:00,0.0,0.0,0.0,0.0,0.0,0.0,0.0,0.0
2024-01-06 04:00:00+00:00,0.0,0.0,0.0,0.0,0.0,0.0,0.0,0.0
2024-01-06 08:00:00+00:00,0.0,0.0,0.0,0.0,0.0,0.0,0.0,0.0
2024-01-06 12:00:00+00:00,0.0,0.0,0.0,0.0,0.0,0.0,0.0,0.0
2024-01-06 16:00:00+00:00,0.0,0.0,0.0,0.0,0.0,0.0,0.0,0.0
2024-01-06 20:00:00+00:00,0.0,0.0,0.0,0.0,0.0,0.0,0.0,0.0
2024-01-07 00:00:00+00:00,0.0,0.0,0.0,0.0,0.0,0.0,0.0,0.0
2024-01-07 04:00:00+00:00,0.0,0.0,0.0,0.0,0.0,0.0,0.0,0.0
2024-01-07 08:00:00+00:00,0.0,0.0,0.0,0.0,0.0,0.0,0.0,0.0
2024-01-07 12:00:00+00:00,0.0,0.0,0.0,0.0,0.0,0.0,0.0,0.0
2024-01-07 16:00:00+00:00,0.0,0.0,0.0,0.0,0.0,0.0,0.0,0.0
2024-01-07 20:00:00+00:00,0.0,0.0,0.0,0.0,0.0,0.0,0.0,0.0
2024-01-08 00:00:00+00:00,0.0,0.0,0.0,0.0,0.0,0.0,0.0,0.0
2024-01-08 04:00:00+00:00,0.0,0.2614940410388324,0.0,0.0,-0.3,-0.2805808313200074,0.0,0.15792512764116023
2024-01-08 08:00:00+00:00,0.0,0.2614940410388324,0.0,0.0,-0.3,-0.2805808313200074,0.0,0.15792512764116023
2024-01-08 12:00:00+00:00,0.0,0.2614940410388324,0.0,0.0,-0.3,-0.2805808313200074,0.0,0.15792512764116023
2024-01-08 16:00:00+00:00,0.0,0.2614940410388324,0.0,0.0,-0.3,-0.2805808313200074,0.0,0.15792512764116023
2024-01-08 20:00:00+00:00,0.0,0.2614940410388324,0.0,0.0,-0.3,-0.2805808313200074,0.0,0.15792512764116023
2024-01-09 00:00:00+00:00,0.0,0.2614940410388324,0.0,0.0,-0.3,-0.2805808313200074,0.0,0.15792512764116023
2024-01-09 04:00:00+00:00,0.22177400874693823,0.20175779090245555,0.0,0.0,-0.2978749052254873,-0.2785932951251188,0.0,0.0
2024-01-09 08:00:00+00:00,0.22177400874693823,0.20175779090245555,0.0,0.0,-0.2978749052254873,-0.2785932951251188,0.0,0.0
2024-01-09 12:00:00+00:00,0.22177400874693823,0.20175779090245555,0.0,0.0,-0.2978749052254873,-0.2785932951251188,0.0,0.0
2024-01-09 16:00:00+00:00,0.22177400874693823,0.20175779090245555,0.0,0.0,-0.2978749052254873,-0.2785932951251188,0.0,0.0
2024-01-09 20:00:00+00:00,0.22177400874693823,0.20175779090245555,0.0,0.0,-0.2978749052254873,-0.2785932951251188,0.0,0.0
2024-01-10 00:00:00+00:00,0.22177400874693823,0.20175779090245555,0.0,0.0,-0.2978749052254873,-0.2785932951251188,0.0,0.0
2024-01-10 04:00:00+00:00,0.0,0.20175779090245555,0.2362741182176181,0.0,-0.2978749052254873,0.0,-0.25958274217530564,0.0
2024-01-10 08:00:00+00:00,0.0,0.20175779090245555,0.2362741182176181,0.0,-0.2978749052254873,0.0,-0.25958274217530564,0.0
2024-01-10 12:00:00+00:00,0.0,0.20175779090245555,0.2362741182176181,0.0,-0.2978749052254873,0.0,-0.25958274217530564,0.0
2024-01-10 16:00:00+00:00,0.0,0.20175779090245555,0.2362741182176181,0.0,-0.2978749052254873,0.0,-0.25958274217530564,0.0
2024-01-10 20:00:00+00:00,0.0,0.20175779090245555,0.2362741182176181,0.0,-0.2978749052254873,0.0,-0.25958274217530564,0.0
2024-01-11 00:00:00+00:00,0.0,0.20175779090245555,0.2362741182176181,0.0,-0.2978749052254873,0.0,-0.25958274217530564,0.0
2024-01-11 04:00:00+00:00,0.0,0.27161130210819867,0.0,0.0,0.21379643120179723,-0.23231335657130653,-0.25958274217530564,0.0
2024-01-11 08:00:00+00:00,0.0,0.27161130210819867,0.0,0.0,0.21379643120179723,-0.23231335657130653,-0.25958274217530564,0.0
2024-01-11 12:00:00+00:00,0.0,0.27161130210819867,0.0,0.0,0.21379643120179723,-0.23231335657130653,-0.25958274217530564,0.0
2024-01-11 16:00:00+00:00,0.0,0.27161130210819867,0.0,0.0,0.21379643120179723,-0.23231335657130653,-0.25958274217530564,0.0
2024-01-11 20:00:00+00:00,0.0,0.27161130210819867,0.0,0.0,0.21379643120179723,-0.23231335657130653,-0.25958274217530564,0.0
2024-01-12 00:00:00+00:00,0.0,0.27161130210819867,0.0,0.0,0.21379643120179723,-0.23231335657130653,-0.25958274217530564,0.0
2024-01-12 04:00:00+00:00,0.0,0.27161130210819867,0.0,0.0,0.21379643120179723,-0.23231335657130653,-0.25958274217530564,0.0
2024-01-12 08:00:00+00:00,0.0,0.27161130210819867,0.0,0.0,0.21379643120179723,-0.23231335657130653,-0.25958274217530564,0.0
2024-01-12 12:00:00+00:00,0.0,0.27161130210819867,0.0,0.0,0.21379643120179723,-0.23231335657130653,-0.25958274217530564,0.0
2024-01-12 16:00:00+00:00,0.0,0.27161130210819867,0.0,0.0,0.21379643120179723,-0.23231335657130653,-0.25958274217530564,0.0
2024-01-12 20:00:00+00:00,0.0,0.27161130210819867,0.0,0.0,0.21379643120179723,-0.23231335657130653,-0.25958274217530564,0.0
2024-01-13 00:00:00+00:00,0.0,0.27161130210819867,0.0,0.0,0.21379643120179723,-0.23231335657130653,-0.25958274217530564,0.0
2024-01-13 04:00:00+00:00,0.0,0.0,0.0,0.0,0.29352590909924536,-0.23231335657130653,-0.25958274217530564,0.21039418642187618
2024-01-13 08:00:00+00:00,0.0,0.0,0.0,0.0,0.29352590909924536,-0.23231335657130653,-0.25958274217530564,0.21039418642187618
2024-01-13 12:00:00+00:00,0.0,0.0,0.0,0.0,0.29352590909924536,-0.23231335657130653,-0.25958274217530564,0.21039418642187618
2024-01-13 16:00:00+00:00,0.0,0.0,0.0,0.0,0.29352590909924536,-0.23231335657130653,-0.25958274217530564,0.21039418642187618
2024-01-13 20:00:00+00:00,0.0,0.0,0.0,0.0,0.29352590909924536,-0.23231335657130653,-0.25958274217530564,0.21039418642187618
2024-01-14 00:00:00+00:00,0.0,0.0,0.0,0.0,0.29352590909924536,-0.23231335657130653,-0.25958274217530564,0.21039418642187618
2024-01-14 04:00:00+00:00,0.0,0.0,-0.24498768401791346,0.0,0.2902617586837106,0.0,-0.25669605623218955,0.20805450106618634
2024-01-14 08:00:00+00:00,0.0,0.0,-0.24498768401791346,0.0,0.2902617586837106,0.0,-0.25669605623218955,0.20805450106618634
2024-01-14 12:00:00+00:00,0.0,0.0,-0.24498768401791346,0.0,0.2902617586837106,0.0,-0.25669605623218955,0.20805450106618634
2024-01-14 16:00:00+00:00,0.0,0.0,-0.24498768401791346,0.0,0.2902617586837106,0.0,-0.25669605623218955,0.20805450106618634
2024-01-14 20:00:00+00:00,0.0,0.0,-0.24498768401791346,0.0,0.2902617586837106,0.0,-0.25669605623218955,0.20805450106618634
2024-01-15 00:00:00+00:00,0.0,0.0,-0.24498768401791346,0.0,0.2902617586837106,0.0,-0.25669605623218955,0.20805450106618634
2024-01-15 04:00:00+00:00,0.0,0.0,-0.24498768401791346,0.0,0.2902617586837106,0.0,-0.25669605623218955,0.20805450106618634
2024-01-15 08:00:00+00:00,0.0,0.0,-0.24498768401791346,0.0,0.2902617586837106,0.0,-0.25669605623218955,0.20805450106618634
2024-01-15 12:00:00+00:00,0.0,0.0,-0.24498768401791346,0.0,0.2902617586837106,0.0,-0.25669605623218955,0.20805450106618634
2024-01-15 16:00:00+00:00,0.0,0.0,-0.24498768401791346,0.0,0.2902617586837106,0.0,-0.25669605623218955,0.20805450106618634
2024-01-15 20:00:00+00:00,0.0,0.0,-0.24498768401791346,0.0,0.2902617586837106,0.0,-0.25669605623218955,0.20805450106618634
2024-01-16 00:00:00+00:00,0.0,0.0,-0.24498768401791346,0.0,0.2902617586837106,0.0,-0.25669605623218955,0.20805450106618634
2024-01-16 04:00:00+00:00,0.2883490464795231,0.0,-0.23547321695264015,0.0,0.2789890044863913,0.0,-0.1971887320814455,0.0
2024-01-16 08:00:00+00:00,0.2883490464795231,0.0,-0.23547321695264015,0.0,0.2789890044863913,0.0,-0.1971887320814455,0.0
2024-01-16 12:00:00+00:00,0.2883490464795231,0.0,-0.23547321695264015,0.0,0.2789890044863913,0.0,-0.1971887320814455,0.0
2024-01-16 16:00:00+00:00,0.2883490464795231,0.0,-0.23547321695264015,0.0,0.2789890044863913,0.0,-0.1971887320814455,0.0
2024-01-16 20:00:00+00:00,0.2883490464795231,0.0,-0.23547321695264015,0.0,0.2789890044863913,0.0,-0.1971887320814455,0.0
2024-01-17 00:00:00+00:00,0.2883490464795231,0.0,-0.23547321695264015,0.0,0.2789890044863913,0.0,-0.1971887320814455,0.0
2024-01-17 04:00:00+00:00,0.2824025244454409,0.0,-0.28456949992468356,-0.21010698023910584,0.22292099539076962,0.0,0.0,0.0
2024-01-17 08:00:00+00:00,0.2824025244454409,0.0,-0.28456949992468356,-0.21010698023910584,0.22292099539076962,0.0,0.0,0.0
2024-01-17 12:00:00+00:00,0.2824025244454409,0.0,-0.28456949992468356,-0.21010698023910584,0.22292099539076962,0.0,0.0,0.0
2024-01-17 16:00:00+00:00,0.2824025244454409,0.0,-0.28456949992468356,-0.21010698023910584,0.22292099539076962,0.0,0.0,0.0
2024-01-17 20:00:00+00:00,0.2824025244454409,0.0,-0.28456949992468356,-0.21010698023910584,0.22292099539076962,0.0,0.0,0.0
2024-01-18 00:00:00+00:00,0.2824025244454409,0.0,-0.28456949992468356,-0.21010698023910584,0.22292099539076962,0.0,0.0,0.0
2024-01-18 04:00:00+00:00,0.2824025244454409,0.0,-0.28456949992468356,-0.21010698023910584,0.22292099539076962,0.0,0.0,0.0
2024-01-18 08:00:00+00:00,0.2824025244454409,0.0,-0.28456949992468356,-0.21010698023910584,0.22292099539076962,0.0,0.0,0.0
2024-01-18 12:00:00+00:00,0.2824025244454409,0.0,-0.28456949992468356,-0.21010698023910584,0.22292099539076962,0.0,0.0,0.0
2024-01-18 16:00:00+00:00,0.2824025244454409,0.0,-0.28456949992468356,-0.21010698023910584,0.22292099539076962,0.0,0.0,0.0
2024-01-18 20:00:00+00:00,0.2824025244454409,0.0,-0.28456949992468356,-0.21010698023910584,0.22292099539076962,0.0,0.0,0.0
2024-01-19 00:00:00+00:00,0.2824025244454409,0.0,-0.28456949992468356,-0.21010698023910584,0.22292099539076962,0.0,0.0,0.0
2024-01-19 04:00:00+00:00,0.2824025244454409,0.0,-0.28456949992468356,-0.21010698023910584,0.22292099539076962,0.0,0.0,0.0
2024-01-19 08:00:00+00:00,0.2824025244454409,0.0,-0.28456949992468356,-0.21010698023910584,0.22292099539076962,0.0,0.0,0.0
2024-01-19 12:00:00+00:00,0.2824025244454409,0.0,-0.28456949992468356,-0.21010698023910584,0.22292099539076962,0.0,0.0,0.0
2024-01-19 16:00:00+00:00,0.2824025244454409,0.0,-0.28456949992468356,-0.21010698023910584,0.22292099539076962,0.0,0.0,0.0
2024-01-19 20:00:00+00:00,0.2824025244454409,0.0,-0.28456949992468356,-0.21010698023910584,0.22292099539076962,0.0,0.0,0.0
2024-01-20 00:00:00+00:00,0.2824025244454409,0.0,-0.28456949992468356,-0.21010698023910584,0.22292099539076962,0.0,0.0,0.0
2024-01-20 04:00:00+00:00,0.0,0.0,-0.2796483941448479,-0.20647356669650152,0.21906598703901517,0.0,0.2948120521196353,0.0
2024-01-20 08:00:00+00:00,0.0,0.0,-0.2796483941448479,-0.20647356669650152,0.21906598703901517,0.0,0.2948120521196353,0.0
2024-01-20 12:00:00+00:00,0.0,0.0,-0.2796483941448479,-0.20647356669650152,0.21906598703901517,0.0,0.2948120521196353,0.0
2024-01-20 16:00:00+00:00,0.0,0.0,-0.2796483941448479,-0.20647356669650152,0.21906598703901517,0.0,0.2948120521196353,0.0
2024-01-20 20:00:00+00:00,0.0,0.0,-0.2796483941448479,-0.20647356669650152,0.21906598703901517,0.0,0.2948120521196353,0.0
2024-01-21 00:00:00+00:00,0.0,0.0,-0.2796483941448479,-0.20647356669650152,0.21906598703901517,0.0,0.2948120521196353,0.0
2024-01-21 04:00:00+00:00,0.0,0.0,-0.20457298738499105,-0.20153972009791796,0.1440129538925162,0.13103728726367325,0.15696841547146717,-0.1618686358894343
2024-01-21 08:00:00+00:00,0.0,0.0,-0.20457298738499105,-0.20153972009791796,0.1440129538925162,0.13103728726367325,0.15696841547146717,-0.1618686358894343
2024-01-21 12:00:00+00:00,0.0,0.0,-0.20457298738499105,-0.20153972009791796,0.1440129538925162,0.13103728726367325,0.15696841547146717,-0.1618686358894343
2024-01-21 16:00:00+00:00,0.0,0.0,-0.20457298738499105,-0.20153972009791796,0.1440129538925162,0.13103728726367325,0.15696841547146717,-0.1618686358894343
2024-01-21 20:00:00+00:00,0.0,0.0,-0.20457298738499105,-0.20153972009791796,0.1440129538925162,0.13103728726367325,0.15696841547146717,-0.1618686358894343
2024-01-22 00:00:00+00:00,0.0,0.0,-0.20457298738499105,-0.20153972009791796,0.1440129538925162,0.13103728726367325,0.15696841547146717,-0.1618686358894343
2024-01-22 04:00:00+00:00,0.0,0.0,-0.20457298738499105,-0.20153972009791796,0.1440129538925162,0.13103728726367325,0.15696841547146717,-0.1618686358894343
2024-01-22 08:00:00+00:00,0.0,0.0,-0.20457298738499105,-0.20153972009791796,0.1440129538925162,0.13103728726367325,0.15696841547146717,-0.1618686358894343
2024-01-22 12:00:00+00:00,0.0,0.0,-0.20457298738499105,-0.20153972009791796,0.1440129538925162,0.13103728726367325,0.15696841547146717,-0.1618686358894343
2024-01-22 16:00:00+00:00,0.0,0.0,-0.20457298738499105,-0.20153972009791796,0.1440129538925162,0.13103728726367325,0.15696841547146717,-0.1618686358894343
2024-01-22 20:00:00+00:00,0.0,0.0,-0.20457298738499105,-0.20153972009791796,0.1440129538925162,0.13103728726367325,0.15696841547146717,-0.1618686358894343
2024-01-23 00:00:00+00:00,0.0,0.0,-0.20457298738499105,-0.20153972009791796,0.1440129538925162,0.13103728726367325,0.15696841547146717,-0.1618686358894343
2024-01-23 04:00:00+00:00,0.0,0.0,-0.3,0.0,0.1440129538925162,0.13103728726367325,0.15696841547146717,-0.26631573237817274
2024-01-23 08:00:00+00:00,0.0,0.0,-0.3,0.0,0.1440129538925162,0.13103728726367325,0.15696841547146717,-0.26631573237817274
2024-01-23 12:00:00+00:00,0.0,0.0,-0.3,0.0,0.1440129538925162,0.13103728726367325,0.15696841547146717,-0.26631573237817274
2024-01-23 16:00:00+00:00,0.0,0.0,-0.3,0.0,0.1440129538925162,0.13103728726367325,0.15696841547146717,-0.26631573237817274
2024-01-23 20:00:00+00:00,0.0,0.0,-0.3,0.0,0.1440129538925162,0.13103728726367325,0.15696841547146717,-0.26631573237817274
2024-01-24 00:00:00+00:00,0.0,0.0,-0.3,0.0,0.1440129538925162,0.13103728726367325,0.15696841547146717,-0.26631573237817274
2024-01-24 04:00:00+00:00,0.0,0.0,-0.23314263300754695,0.160960191631797,0.1440129538925162,0.13103728726367325,0.15696841547146717,-0.17211592097042155
2024-01-24 08:00:00+00:00,0.0,0.0,-0.23314263300754695,0.160960191631797,0.1440129538925162,0.13103728726367325,0.15696841547146717,-0.17211592097042155
2024-01-24 12:00:00+00:00,0.0,0.0,-0.23314263300754695,0.160960191631797,0.1440129538925162,0.13103728726367325,0.15696841547146717,-0.17211592097042155
2024-01-24 16:00:00+00:00,0.0,0.0,-0.23314263300754695,0.160960191631797,0.1440129538925162,0.13103728726367325,0.15696841547146717,-0.17211592097042155
2024-01-24 20:00:00+00:00,0.0,0.0,-0.23314263300754695,0.160960191631797,0.1440129538925162,0.13103728726367325,0.15696841547146717,-0.17211592097042155
2024-01-25 00:00:00+00:00,0.0,0.0,-0.23314263300754695,0.160960191631797,0.1440129538925162,0.13103728726367325,0.15696841547146717,-0.17211592097042155
2024-01-25 04:00:00+00:00,0.0,0.0,-0.23314263300754695,0.160960191631797,0.1440129538925162,0.13103728726367325,0.15696841547146717,-0.17211592097042155
2024-01-25 08:00:00+00:00,0.0,0.0,-0.23314263300754695,0.160960191631797,0.1440129538925162,0.13103728726367325,0.15696841547146717,-0.17211592097042155
2024-01-25 12:00:00+00:00,0.0,0.0,-0.23314263300754695,0.160960191631797,0.1440129538925162,0.13103728726367325,0.15696841547146717,-0.17211592097042155
2024-01-25 16:00:00+00:00,0.0,0.0,-0.23314263300754695,0.160960191631797,0.1440129538925162,0.13103728726367325,0.15696841547146717,-0.17211592097042155
2024-01-25 20:00:00+00:00,0.0,0.0,-0.23314263300754695,0.160960191631797,0.1440129538925162,0.13103728726367325,0.15696841547146717,-0.17211592097042155
2024-01-26 00:00:00+00:00,0.0,0.0,-0.23314263300754695,0.160960191631797,0.1440129538925162,0.13103728726367325,0.15696841547146717,-0.17211592097042155
2024-01-26 04:00:00+00:00,0.0,0.0,-0.23314263300754695,0.160960191631797,0.1440129538925162,0.13103728726367325,0.15696841547146717,-0.17211592097042155
2024-01-26 08:00:00+00:00,0.0,0.0,-0.23314263300754695,0.160960191631797,0.1440129538925162,0.13103728726367325,0.15696841547146717,-0.17211592097042155
2024-01-26 12:00:00+00:00,0.0,0.0,-0.23314263300754695,0.160960191631797,0.1440129538925162,0.13103728726367325,0.15696841547146717,-0.17211592097042155
2024-01-26 16:00:00+00:00,0.0,0.0,-0.23314263300754695,0.160960191631797,0.1440129538925162,0.13103728726367325,0.15696841547146717,-0.17211592097042155
2024-01-26 20:00:00+00:00,0.0,0.0,-0.23314263300754695,0.160960191631797,0.1440129538925162,0.13103728726367325,0.15696841547146717,-0.17211592097042155
2024-01-27 00:00:00+00:00,0.0,0.0,-0.23314263300754695,0.160960191631797,0.1440129538925162,0.13103728726367325,0.15696841547146717,-0.17211592097042155
2024-01-27 04:00:00+00:00,0.0,0.0,-0.23314263300754695,0.0,0.1440129538925162,0.13103728726367325,0.15696841547146717,-0.17211592097042155
2024-01-27 08:00:00+00:00,0.0,0.0,-0.23314263300754695,0.0,0.1440129538925162,0.13103728726367325,0.15696841547146717,-0.17211592097042155
2024-01-27 12:00:00+00:00,0.0,0.0,-0.23314263300754695,0.0,0.1440129538925162,0.13103728726367325,0.15696841547146717,-0.17211592097042155
2024-01-27 16:00:00+00:00,0.0,0.0,-0.23314263300754695,0.0,0.1440129538925162,0.13103728726367325,0.15696841547146717,-0.17211592097042155
2024-01-27 20:00:00+00:00,0.0,0.0,-0.23314263300754695,0.0,0.1440129538925162,0.13103728726367325,0.15696841547146717,-0.17211592097042155
2024-01-28 00:00:00+00:00,0.0,0.0,-0.23314263300754695,0.0,0.1440129538925162,0.13103728726367325,0.15696841547146717,-0.17211592097042155
2024-01-28 04:00:00+00:00,-0.2755126245004341,0.0,0.0,0.0,0.2719119500983134,0.0,0.2825990719393537,-0.16997635346189868
2024-01-28 08:00:00+00:00,-0.2755126245004341,0.0,0.0,0.0,0.2719119500983134,0.0,0.2825990719393537,-0.16997635346189868
2024-01-28 12:00:00+00:00,-0.2755126245004341,0.0,0.0,0.0,0.2719119500983134,0.0,0.2825990719393537,-0.16997635346189868
2024-01-28 16:00:00+00:00,-0.2755126245004341,0.0,0.0,0.0,0.2719119500983134,0.0,0.2825990719393537,-0.16997635346189868
2024-01-28 20:00:00+00:00,-0.2755126245004341,0.0,0.0,0.0,0.2719119500983134,0.0,0.2825990719393537,-0.16997635346189868
2024-01-29 00:00:00+00:00,-0.2755126245004341,0.0,0.0,0.0,0.2719119500983134,0.0,0.2825990719393537,-0.16997635346189868
2024-01-29 04:00:00+00:00,0.0,0.0,-0.22624551113497504,0.0,0.2719119500983134,0.0,0.2825990719393537,-0.16997635346189868
2024-01-29 08:00:00+00:00,0.0,0.0,-0.22624551113497504,0.0,0.2719119500983134,0.0,0.2825990719393537,-0.16997635346189868
2024-01-29 12:00:00+00:00,0.0,0.0,-0.22624551113497504,0.0,0.2719119500983134,0.0,0.2825990719393537,-0.16997635346189868
2024-01-29 16:00:00+00:00,0.0,0.0,-0.22624551113497504,0.0,0.2719119500983134,0.0,0.2825990719393537,-0.16997635346189868
2024-01-29 20:00:00+00:00,0.0,0.0,-0.22624551113497504,0.0,0.2719119500983134,0.0,0.2825990719393537,-0.16997635346189868
2024-01-30 00:00:00+00:00,0.0,0.0,-0.22624551113497504,0.0,0.2719119500983134,0.0,0.2825990719393537,-0.16997635346189868
2024-01-30 04:00:00+00:00,0.0,0.0,0.0,0.0,0.2719119500983134,-0.23265463298207992,0.2825990719393537,-0.16997635346189868
2024-01-30 08:00:00+00:00,0.0,0.0,0.0,0.0,0.2719119500983134,-0.23265463298207992,0.2825990719393537,-0.16997635346189868
2024-01-30 12:00:00+00:00,0.0,0.0,0.0,0.0,0.2719119500983134,-0.23265463298207992,0.2825990719393537,-0.16997635346189868
2024-01-30 16:00:00+00:00,0.0,0.0,0.0,0.0,0.2719119500983134,-0.23265463298207992,0.2825990719393537,-0.16997635346189868
2024-01-30 20:00:00+00:00,0.0,0.0,0.0,0.0,0.2719119500983134,-0.23265463298207992,0.2825990719393537,-0.16997635346189868
2024-01-31 00:00:00+00:00,0.0,0.0,0.0,0.0,0.2719119500983134,-0.23265463298207992,0.2825990719393537,-0.16997635346189868
2024-01-31 04:00:00+00:00,0.0,0.0,0.0,0.20463607102103665,0.2590240861887485,-0.2216274558141816,0.1527924360020319,-0.1619199509740014
2024-01-31 08:00:00+00:00,0.0,0.0,0.0,0.20463607102103665,0.2590240861887485,-0.2216274558141816,0.1527924360020319,-0.1619199509740014
2024-01-31 12:00:00+00:00,0.0,0.0,0.0,0.20463607102103665,0.2590240861887485,-0.2216274558141816,0.1527924360020319,-0.1619199509740014
2024-01-31 16:00:00+00:00,0.0,0.0,0.0,0.20463607102103665,0.2590240861887485,-0.2216274558141816,0.1527924360020319,-0.1619199509740014
2024-01-31 20:00:00+00:00,0.0,0.0,0.0,0.20463607102103665,0.2590240861887485,-0.2216274558141816,0.1527924360020319,-0.1619199509740014
2024-02-01 00:00:00+00:00,0.0,0.0,0.0,0.20463607102103665,0.2590240861887485,-0.2216274558141816,0.1527924360020319,-0.1619199509740014
2024-02-01 04:00:00+00:00,-0.25993278802123015,0.0,0.0,0.1999014423792091,0.19221192427815995,-0.2164997005026299,0.0,0.1314541448187709
2024-02-01 08:00:00+00:00,-0.25993278802123015,0.0,0.0,0.1999014423792091,0.19221192427815995,-0.2164997005026299,0.0,0.1314541448187709
2024-02-01 12:00:00+00:00,-0.25993278802123015,0.0,0.0,0.1999014423792091,0.19221192427815995,-0.2164997005026299,0.0,0.1314541448187709
2024-02-01 16:00:00+00:00,-0.25993278802123015,0.0,0.0,0.1999014423792091,0.19221192427815995,-0.2164997005026299,0.0,0.1314541448187709
2024-02-01 20:00:00+00:00,-0.25993278802123015,0.0,0.0,0.1999014423792091,0.19221192427815995,-0.2164997005026299,0.0,0.1314541448187709
2024-02-02 00:00:00+00:00,-0.25993278802123015,0.0,0.0,0.1999014423792091,0.19221192427815995,-0.2164997005026299,0.0,0.1314541448187709
2024-02-02 04:00:00+00:00,-0.25993278802123015,0.1910654617299041,0.0,0.0,0.19221192427815995,0.0,-0.20040861218048564,0.1314541448187709
2024-02-02 08:00:00+00:00,-0.25993278802123015,0.1910654617299041,0.0,0.0,0.19221192427815995,0.0,-0.20040861218048564,0.1314541448187709
2024-02-02 12:00:00+00:00,-0.25993278802123015,0.1910654617299041,0.0,0.0,0.19221192427815995,0.0,-0.20040861218048564,0.1314541448187709
2024-02-02 16:00:00+00:00,-0.25993278802123015,0.1910654617299041,0.0,0.0,0.19221192427815995,0.0,-0.20040861218048564,0.1314541448187709
2024-02-02 20:00:00+00:00,-0.25993278802123015,0.1910654617299041,0.0,0.0,0.19221192427815995,0.0,-0.20040861218048564,0.1314541448187709
2024-02-03 00:00:00+00:00,-0.25993278802123015,0.1910654617299041,0.0,0.0,0.19221192427815995,0.0,-0.20040861218048564,0.1314541448187709
2024-02-03 04:00:00+00:00,-0.24501383955933467,0.18009918156918853,-0.20061816402816998,0.0,0.0,0.12895849135855092,-0.121401042961803,0.12390928052295298
2024-02-03 08:00:00+00:00,-0.24501383955933467,0.18009918156918853,-0.20061816402816998,0.0,0.0,0.12895849135855092,-0.121401042961803,0.12390928052295298
2024-02-03 12:00:00+00:00,-0.24501383955933467,0.18009918156918853,-0.20061816402816998,0.0,0.0,0.12895849135855092,-0.121401042961803,0.12390928052295298
2024-02-03 16:00:00+00:00,-0.24501383955933467,0.18009918156918853,-0.20061816402816998,0.0,0.0,0.12895849135855092,-0.121401042961803,0.12390928052295298
2024-02-03 20:00:00+00:00,-0.24501383955933467,0.18009918156918853,-0.20061816402816998,0.0,0.0,0.12895849135855092,-0.121401042961803,0.12390928052295298
2024-02-04 00:00:00+00:00,-0.24501383955933467,0.18009918156918853,-0.20061816402816998,0.0,0.0,0.12895849135855092,-0.121401042961803,0.12390928052295298
2024-02-04 04:00:00+00:00,-0.24501383955933467,0.18009918156918853,-0.3,0.0,0.0,0.0,0.10780563243362094,0.12390928052295298
2024-02-04 08:00:00+00:00,-0.24501383955933467,0.18009918156918853,-0.3,0.0,0.0,0.0,0.10780563243362094,0.12390928052295298
2024-02-04 12:00:00+00:00,-0.24501383955933467,0.18009918156918853,-0.3,0.0,0.0,0.0,0.10780563243362094,0.12390928052295298
2024-02-04 16:00:00+00:00,-0.24501383955933467,0.18009918156918853,-0.3,0.0,0.0,0.0,0.10780563243362094,0.12390928052295298
2024-02-04 20:00:00+00:00,-0.24501383955933467,0.18009918156918853,-0.3,0.0,0.0,0.0,0.10780563243362094,0.12390928052295298
2024-02-05 00:00:00+00:00,-0.24501383955933467,0.18009918156918853,-0.3,0.0,0.0,0.0,0.10780563243362094,0.12390928052295298
2024-02-05 04:00:00+00:00,0.24408186446241173,0.2648894951058974,-0.3,0.0,0.0,0.0,-0.19102864043169096,0.0
2024-02-05 08:00:00+00:00,0.24408186446241173,0.2648894951058974,-0.3,0.0,0.0,0.0,-0.19102864043169096,0.0
2024-02-05 12:00:00+00:00,0.24408186446241173,0.2648894951058974,-0.3,0.0,0.0,0.0,-0.19102864043169096,0.0
2024-02-05 16:00:00+00:00,0.24408186446241173,0.2648894951058974,-0.3,0.0,0.0,0.0,-0.19102864043169096,0.0
2024-02-05 20:00:00+00:00,0.24408186446241173,0.2648894951058974,-0.3,0.0,0.0,0.0,-0.19102864043169096,0.0
2024-02-06 00:00:00+00:00,0.24408186446241173,0.2648894951058974,-0.3,0.0,0.0,0.0,-0.19102864043169096,0.0
2024-02-06 04:00:00+00:00,0.16282640106634533,0.17951492362850385,-0.3,0.0,0.0,0.13387935766012615,-0.19102864043169096,0.0
2024-02-06 08:00:00+00:00,0.16282640106634533,0.17951492362850385,-0.3,0.0,0.0,0.13387935766012615,-0.19102864043169096,0.0
2024-02-06 12:00:00+00:00,0.16282640106634533,0.17951492362850385,-0.3,0.0,0.0,0.13387935766012615,-0.19102864043169096,0.0
2024-02-06 16:00:00+00:00,0.16282640106634533,0.17951492362850385,-0.3,0.0,0.0,0.13387935766012615,-0.19102864043169096,0.0
2024-02-06 20:00:00+00:00,0.16282640106634533,0.17951492362850385,-0.3,0.0,0.0,0.13387935766012615,-0.19102864043169096,0.0
2024-02-07 00:00:00+00:00,0.16282640106634533,0.17951492362850385,-0.3,0.0,0.0,0.13387935766012615,-0.19102864043169096,0.0
2024-02-07 04:00:00+00:00,0.16282640106634533,0.17951492362850385,0.0,-0.26821255891786816,0.0,0.13387935766012615,-0.24651958805014973,0.0
2024-02-07 08:00:00+00:00,0.16282640106634533,0.17951492362850385,0.0,-0.26821255891786816,0.0,0.13387935766012615,-0.24651958805014973,0.0
2024-02-07 12:00:00+00:00,0.16282640106634533,0.17951492362850385,0.0,-0.26821255891786816,0.0,0.13387935766012615,-0.24651958805014973,0.0
2024-02-07 16:00:00+00:00,0.16282640106634533,0.17951492362850385,0.0,-0.26821255891786816,0.0,0.13387935766012615,-0.24651958805014973,0.0
2024-02-07 20:00:00+00:00,0.16282640106634533,0.17951492362850385,0.0,-0.26821255891786816,0.0,0.13387935766012615,-0.24651958805014973,0.0
2024-02-08 00:00:00+00:00,0.16282640106634533,0.17951492362850385,0.0,-0.26821255891786816,0.0,0.13387935766012615,-0.24651958805014973,0.0
2024-02-08 04:00:00+00:00,0.0,0.17578076012806182,0.138764920577708,-0.26263335955311834,0.0,0.13109447827109194,-0.29172648147001984,0.0
2024-02-08 08:00:00+00:00,0.0,0.17578076012806182,0.138764920577708,-0.26263335955311834,0.0,0.13109447827109194,-0.29172648147001984,0.0
2024-02-08 12:00:00+00:00,0.0,0.17578076012806182,0.138764920577708,-0.26263335955311834,0.0,0.13109447827109194,-0.29172648147001984,0.0
2024-02-08 16:00:00+00:00,0.0,0.17578076012806182,0.138764920577708,-0.26263335955311834,0.0,0.13109447827109194,-0.29172648147001984,0.0
2024-02-08 20:00:00+00:00,0.0,0.17578076012806182,0.138764920577708,-0.26263335955311834,0.0,0.13109447827109194,-0.29172648147001984,0.0
2024-02-09 00:00:00+00:00,0.0,0.17578076012806182,0.138764920577708,-0.26263335955311834,0.0,0.13109447827109194,-0.29172648147001984,0.0
2024-02-09 04:00:00+00:00,0.0,0.17578076012806182,0.138764920577708,-0.26263335955311834,0.0,0.13109447827109194,-0.29172648147001984,0.0
2024-02-09 08:00:00+00:00,0.0,0.17578076012806182,0.138764920577708,-0.26263335955311834,0.0,0.13109447827109194,-0.29172648147001984,0.0
2024-02-09 12:00:00+00:00,0.0,0.17578076012806182,0.138764920577708,-0.26263335955311834,0.0,0.13109447827109194,-0.29172648147001984,0.0
2024-02-09 16:00:00+00:00,0.0,0.17578076012806182,0.138764920577708,-0.26263335955311834,0.0,0.13109447827109194,-0.29172648147001984,0.0
2024-02-09 20:00:00+00:00,0.0,0.17578076012806182,0.138764920577708,-0.26263335955311834,0.0,0.13109447827109194,-0.29172648147001984,0.0
2024-02-10 00:00:00+00:00,0.0,0.17578076012806182,0.138764920577708,-0.26263335955311834,0.0,0.13109447827109194,-0.29172648147001984,0.0
2024-02-10 04:00:00+00:00,0.0,0.25215774098876426,0.0,-0.2599393038123259,0.0,0.1991689625866756,-0.28873399261223426,0.0
2024-02-10 08:00:00+00:00,0.0,0.25215774098876426,0.0,-0.2599393038123259,0.0,0.1991689625866756,-0.28873399261223426,0.0
2024-02-10 12:00:00+00:00,0.0,0.25215774098876426,0.0,-0.2599393038123259,0.0,0.1991689625866756,-0.28873399261223426,0.0
2024-02-10 16:00:00+00:00,0.0,0.25215774098876426,0.0,-0.2599393038123259,0.0,0.1991689625866756,-0.28873399261223426,0.0
2024-02-10 20:00:00+00:00,0.0,0.25215774098876426,0.0,-0.2599393038123259,0.0,0.1991689625866756,-0.28873399261223426,0.0
2024-02-11 00:00:00+00:00,0.0,0.25215774098876426,0.0,-0.2599393038123259,0.0,0.1991689625866756,-0.28873399261223426,0.0
2024-02-11 04:00:00+00:00,0.0,0.0,0.0,-0.2592643806532733,0.0,0.2589339582519542,-0.23655336784333875,0.24524829325143374
2024-02-11 08:00:00+00:00,0.0,0.0,0.0,-0.2592643806532733,0.0,0.2589339582519542,-0.23655336784333875,0.24524829325143374
2024-02-11 12:00:00+00:00,0.0,0.0,0.0,-0.2592643806532733,0.0,0.2589339582519542,-0.23655336784333875,0.24524829325143374
2024-02-11 16:00:00+00:00,0.0,0.0,0.0,-0.2592643806532733,0.0,0.2589339582519542,-0.23655336784333875,0.24524829325143374
2024-02-11 20:00:00+00:00,0.0,0.0,0.0,-0.2592643806532733,0.0,0.2589339582519542,-0.23655336784333875,0.24524829325143374
2024-02-12 00:00:00+00:00,0.0,0.0,0.0,-0.2592643806532733,0.0,0.2589339582519542,-0.23655336784333875,0.24524829325143374
2024-02-12 04:00:00+00:00,0.0,-0.14664850578121974,0.0,-0.1828634225880902,0.0,0.23437799643166513,-0.21411986584755335,0.2219902093514715
2024-02-12 08:00:00+00:00,0.0,-0.14664850578121974,0.0,-0.1828634225880902,0.0,0.23437799643166513,-0.21411986584755335,0.2219902093514715
2024-02-12 12:00:00+00:00,0.0,-0.14664850578121974,0.0,-0.1828634225880902,0.0,0.23437799643166513,-0.21411986584755335,0.2219902093514715
2024-02-12 16:00:00+00:00,0.0,-0.14664850578121974,0.0,-0.1828634225880902,0.0,0.23437799643166513,-0.21411986584755335,0.2219902093514715
2024-02-12 20:00:00+00:00,0.0,-0.14664850578121974,0.0,-0.1828634225880902,0.0,0.23437799643166513,-0.21411986584755335,0.2219902093514715
2024-02-13 00:00:00+00:00,0.0,-0.14664850578121974,0.0,-0.1828634225880902,0.0,0.23437799643166513,-0.21411986584755335,0.2219902093514715
2024-02-13 04:00:00+00:00,0.2549270468182419,-0.14297683609402365,-0.20737889124535727,-0.17828503236149437,0.0,0.0,0.0,0.216432193480883
2024-02-13 08:00:00+00:00,0.2549270468182419,-0.14297683609402365,-0.20737889124535727,-0.17828503236149437,0.0,0.0,0.0,0.216432193480883
2024-02-13 12:00:00+00:00,0.2549270468182419,-0.14297683609402365,-0.20737889124535727,-0.17828503236149437,0.0,0.0,0.0,0.216432193480883
2024-02-13 16:00:00+00:00,0.2549270468182419,-0.14297683609402365,-0.20737889124535727,-0.17828503236149437,0.0,0.0,0.0,0.216432193480883
2024-02-13 20:00:00+00:00,0.2549270468182419,-0.14297683609402365,-0.20737889124535727,-0.17828503236149437,0.0,0.0,0.0,0.216432193480883
2024-02-14 00:00:00+00:00,0.2549270468182419,-0.14297683609402365,-0.20737889124535727,-0.17828503236149437,0.0,0.0,0.0,0.216432193480883
2024-02-14 04:00:00+00:00,0.25492704681824185,-0.14297683609402362,-0.20737889124535722,-0.17828503236149434,0.0,0.0,0.0,0.21643219348088294
2024-02-14 08:00:00+00:00,0.25492704681824185,-0.14297683609402362,-0.20737889124535722,-0.17828503236149434,0.0,0.0,0.0,0.21643219348088294
2024-02-14 12:00:00+00:00,0.25492704681824185,-0.14297683609402362,-0.20737889124535722,-0.17828503236149434,0.0,0.0,0.0,0.21643219348088294
2024-02-14 16:00:00+00:00,0.25492704681824185,-0.14297683609402362,-0.20737889124535722,-0.17828503236149434,0.0,0.0,0.0,0.21643219348088294
2024-02-14 20:00:00+00:00,0.25492704681824185,-0.14297683609402362,-0.20737889124535722,-0.17828503236149434,0.0,0.0,0.0,0.21643219348088294
2024-02-15 00:00:00+00:00,0.25492704681824185,-0.14297683609402362,-0.20737889124535722,-0.17828503236149434,0.0,0.0,0.0,0.21643219348088294
2024-02-15 04:00:00+00:00,0.0,0.21181753121866934,-0.2942808117176099,0.0,0.0,-0.28159551846579733,0.0,0.21230613859792344
2024-02-15 08:00:00+00:00,0.0,0.21181753121866934,-0.2942808117176099,0.0,0.0,-0.28159551846579733,0.0,0.21230613859792344
2024-02-15 12:00:00+00:00,0.0,0.21181753121866934,-0.2942808117176099,0.0,0.0,-0.28159551846579733,0.0,0.21230613859792344
2024-02-15 16:00:00+00:00,0.0,0.21181753121866934,-0.2942808117176099,0.0,0.0,-0.28159551846579733,0.0,0.21230613859792344
2024-02-15 20:00:00+00:00,0.0,0.21181753121866934,-0.2942808117176099,0.0,0.0,-0.28159551846579733,0.0,0.21230613859792344
2024-02-16 00:00:00+00:00,0.0,0.21181753121866934,-0.2942808117176099,0.0,0.0,-0.28159551846579733,0.0,0.21230613859792344
2024-02-16 04:00:00+00:00,0.0,0.20270373611072665,-0.2816188993312145,0.0,-0.25224850623058925,0.0,0.12498964304970993,0.13843921527775988
2024-02-16 08:00:00+00:00,0.0,0.20270373611072665,-0.2816188993312145,0.0,-0.25224850623058925,0.0,0.12498964304970993,0.13843921527775988
2024-02-16 12:00:00+00:00,0.0,0.20270373611072665,-0.2816188993312145,0.0,-0.25224850623058925,0.0,0.12498964304970993,0.13843921527775988
2024-02-16 16:00:00+00:00,0.0,0.20270373611072665,-0.2816188993312145,0.0,-0.25224850623058925,0.0,0.12498964304970993,0.13843921527775988
2024-02-16 20:00:00+00:00,0.0,0.20270373611072665,-0.2816188993312145,0.0,-0.25224850623058925,0.0,0.12498964304970993,0.13843921527775988
2024-02-17 00:00:00+00:00,0.0,0.20270373611072665,-0.2816188993312145,0.0,-0.25224850623058925,0.0,0.12498964304970993,0.13843921527775988
2024-02-17 04:00:00+00:00,0.0,0.19012994928416227,-0.20050805433010574,0.0,-0.1837412390406229,-0.17853248736656585,0.11723648981539092,0.12985178016315227
2024-02-17 08:00:00+00:00,0.0,0.19012994928416227,-0.20050805433010574,0.0,-0.1837412390406229,-0.17853248736656585,0.11723648981539092,0.12985178016315227
2024-02-17 12:00:00+00:00,0.0,0.19012994928416227,-0.20050805433010574,0.0,-0.1837412390406229,-0.17853248736656585,0.11723648981539092,0.12985178016315227
2024-02-17 16:00:00+00:00,0.0,0.19012994928416227,-0.20050805433010574,0.0,-0.1837412390406229,-0.17853248736656585,0.11723648981539092,0.12985178016315227
2024-02-17 20:00:00+00:00,0.0,0.19012994928416227,-0.20050805433010574,0.0,-0.1837412390406229,-0.17853248736656585,0.11723648981539092,0.12985178016315227
2024-02-18 00:00:00+00:00,0.0,0.19012994928416227,-0.20050805433010574,0.0,-0.1837412390406229,-0.17853248736656585,0.11723648981539092,0.12985178016315227
2024-02-18 04:00:00+00:00,0.0,0.19012994928416227,-0.3,0.0,0.0,-0.2514359514111915,0.11723648981539092,0.12985178016315227
2024-02-18 08:00:00+00:00,0.0,0.19012994928416227,-0.3,0.0,0.0,-0.2514359514111915,0.11723648981539092,0.12985178016315227
2024-02-18 12:00:00+00:00,0.0,0.19012994928416227,-0.3,0.0,0.0,-0.2514359514111915,0.11723648981539092,0.12985178016315227
2024-02-18 16:00:00+00:00,0.0,0.19012994928416227,-0.3,0.0,0.0,-0.2514359514111915,0.11723648981539092,0.12985178016315227
2024-02-18 20:00:00+00:00,0.0,0.19012994928416227,-0.3,0.0,0.0,-0.2514359514111915,0.11723648981539092,0.12985178016315227
2024-02-19 00:00:00+00:00,0.0,0.19012994928416227,-0.3,0.0,0.0,-0.2514359514111915,0.11723648981539092,0.12985178016315227
2024-02-19 04:00:00+00:00,0.0,0.0,-0.2936171472281262,0.2722616931327007,0.0,-0.24608635587981273,0.18803480375936024,0.0
2024-02-19 08:00:00+00:00,0.0,0.0,-0.2936171472281262,0.2722616931327007,0.0,-0.24608635587981273,0.18803480375936024,0.0
2024-02-19 12:00:00+00:00,0.0,0.0,-0.2936171472281262,0.2722616931327007,0.0,-0.24608635587981273,0.18803480375936024,0.0
2024-02-19 16:00:00+00:00,0.0,0.0,-0.2936171472281262,0.2722616931327007,0.0,-0.24608635587981273,0.18803480375936024,0.0
2024-02-19 20:00:00+00:00,0.0,0.0,-0.2936171472281262,0.2722616931327007,0.0,-0.24608635587981273,0.18803480375936024,0.0
2024-02-20 00:00:00+00:00,0.0,0.0,-0.2936171472281262,0.2722616931327007,0.0,-0.24608635587981273,0.18803480375936024,0.0
2024-02-20 04:00:00+00:00,0.0,0.0,-0.2936171472281262,0.2722616931327007,0.0,-0.24608635587981273,0.18803480375936024,0.0
2024-02-20 08:00:00+00:00,0.0,0.0,-0.2936171472281262,0.2722616931327007,0.0,-0.24608635587981273,0.18803480375936024,0.0
2024-02-20 12:00:00+00:00,0.0,0.0,-0.2936171472281262,0.2722616931327007,0.0,-0.24608635587981273,0.18803480375936024,0.0
2024-02-20 16:00:00+00:00,0.0,0.0,-0.2936171472281262,0.2722616931327007,0.0,-0.24608635587981273,0.18803480375936024,0.0
2024-02-20 20:00:00+00:00,0.0,0.0,-0.2936171472281262,0.2722616931327007,0.0,-0.24608635587981273,0.18803480375936024,0.0
2024-02-21 00:00:00+00:00,0.0,0.0,-0.2936171472281262,0.2722616931327007,0.0,-0.24608635587981273,0.18803480375936024,0.0
2024-02-21 04:00:00+00:00,0.0,-0.3,0.0,0.0,0.0,-0.24608635587981273,0.18803480375936024,0.1982612019562631
2024-02-21 08:00:00+00:00,0.0,-0.3,0.0,0.0,0.0,-0.24608635587981273,0.18803480375936024,0.1982612019562631
2024-02-21 12:00:00+00:00,0.0,-0.3,0.0,0.0,0.0,-0.24608635587981273,0.18803480375936024,0.1982612019562631
2024-02-21 16:00:00+00:00,0.0,-0.3,0.0,0.0,0.0,-0.24608635587981273,0.18803480375936024,0.1982612019562631
2024-02-21 20:00:00+00:00,0.0,-0.3,0.0,0.0,0.0,-0.24608635587981273,0.18803480375936024,0.1982612019562631
2024-02-22 00:00:00+00:00,0.0,-0.3,0.0,0.0,0.0,-0.24608635587981273,0.18803480375936024,0.1982612019562631
2024-02-22 04:00:00+00:00,0.0,-0.3,0.0,0.0,0.0,-0.3,0.18803480375936024,0.1982612019562631
2024-02-22 08:00:00+00:00,0.0,-0.3,0.0,0.0,0.0,-0.3,0.18803480375936024,0.1982612019562631
2024-02-22 12:00:00+00:00,0.0,-0.3,0.0,0.0,0.0,-0.3,0.18803480375936024,0.1982612019562631
2024-02-22 16:00:00+00:00,0.0,-0.3,0.0,0.0,0.0,-0.3,0.18803480375936024,0.1982612019562631
2024-02-22 20:00:00+00:00,0.0,-0.3,0.0,0.0,0.0,-0.3,0.18803480375936024,0.1982612019562631
2024-02-23 00:00:00+00:00,0.0,-0.3,0.0,0.0,0.0,-0.3,0.18803480375936024,0.1982612019562631
2024-02-23 04:00:00+00:00,0.0,-0.2890737804752115,0.0,0.0,0.0,-0.2890737804752115,0.23081205514605574,0.19104038390352124
2024-02-23 08:00:00+00:00,0.0,-0.2890737804752115,0.0,0.0,0.0,-0.2890737804752115,0.23081205514605574,0.19104038390352124
2024-02-23 12:00:00+00:00,0.0,-0.2890737804752115,0.0,0.0,0.0,-0.2890737804752115,0.23081205514605574,0.19104038390352124
2024-02-23 16:00:00+00:00,0.0,-0.2890737804752115,0.0,0.0,0.0,-0.2890737804752115,0.23081205514605574,0.19104038390352124
2024-02-23 20:00:00+00:00,0.0,-0.2890737804752115,0.0,0.0,0.0,-0.2890737804752115,0.23081205514605574,0.19104038390352124
2024-02-24 00:00:00+00:00,0.0,-0.2890737804752115,0.0,0.0,0.0,-0.2890737804752115,0.23081205514605574,0.19104038390352124
2024-02-24 04:00:00+00:00,0.0,0.0,0.0,0.0,-0.26963169045973046,-0.2890737804752115,0.23081205514605574,0.19104038390352124
2024-02-24 08:00:00+00:00,0.0,0.0,0.0,0.0,-0.26963169045973046,-0.2890737804752115,0.23081205514605574,0.19104038390352124
2024-02-24 12:00:00+00:00,0.0,0.0,0.0,0.0,-0.26963169045973046,-0.2890737804752115,0.23081205514605574,0.19104038390352124
2024-02-24 16:00:00+00:00,0.0,0.0,0.0,0.0,-0.26963169045973046,-0.2890737804752115,0.23081205514605574,0.19104038390352124
2024-02-24 20:00:00+00:00,0.0,0.0,0.0,0.0,-0.26963169045973046,-0.2890737804752115,0.23081205514605574,0.19104038390352124
2024-02-25 00:00:00+00:00,0.0,0.0,0.0,0.0,-0.26963169045973046,-0.2890737804752115,0.23081205514605574,0.19104038390352124
2024-02-25 04:00:00+00:00,0.0,0.0,0.0,0.0,-0.2611834137875186,-0.21846347109684552,0.28218361659027436,0.23816949852536146
2024-02-25 08:00:00+00:00,0.0,0.0,0.0,0.0,-0.2611834137875186,-0.21846347109684552,0.28218361659027436,0.23816949852536146
2024-02-25 12:00:00+00:00,0.0,0.0,0.0,0.0,-0.2611834137875186,-0.21846347109684552,0.28218361659027436,0.23816949852536146
2024-02-25 16:00:00+00:00,0.0,0.0,0.0,0.0,-0.2611834137875186,-0.21846347109684552,0.28218361659027436,0.23816949852536146
2024-02-25 20:00:00+00:00,0.0,0.0,0.0,0.0,-0.2611834137875186,-0.21846347109684552,0.28218361659027436,0.23816949852536146
2024-02-26 00:00:00+00:00,0.0,0.0,0.0,0.0,-0.2611834137875186,-0.21846347109684552,0.28218361659027436,0.23816949852536146
2024-02-26 04:00:00+00:00,0.2920668943887147,0.0,0.26747068340010144,0.0,-0.25427676176921055,0.0,-0.1861856604419733,0.0
2024-02-26 08:00:00+00:00,0.2920668943887147,0.0,0.26747068340010144,0.0,-0.25427676176921055,0.0,-0.1861856604419733,0.0
2024-02-26 12:00:00+00:00,0.2920668943887147,0.0,0.26747068340010144,0.0,-0.25427676176921055,0.0,-0.1861856604419733,0.0
2024-02-26 16:00:00+00:00,0.2920668943887147,0.0,0.26747068340010144,0.0,-0.25427676176921055,0.0,-0.1861856604419733,0.0
2024-02-26 20:00:00+00:00,0.2920668943887147,0.0,0.26747068340010144,0.0,-0.25427676176921055,0.0,-0.1861856604419733,0.0
2024-02-27 00:00:00+00:00,0.2920668943887147,0.0,0.26747068340010144,0.0,-0.25427676176921055,0.0,-0.1861856604419733,0.0
2024-02-27 04:00:00+00:00,0.2920668943887147,0.0,0.26747068340010144,0.0,-0.25427676176921055,0.0,-0.1861856604419733,0.0
2024-02-27 08:00:00+00:00,0.2920668943887147,0.0,0.26747068340010144,0.0,-0.25427676176921055,0.0,-0.1861856604419733,0.0
2024-02-27 12:00:00+00:00,0.2920668943887147,0.0,0.26747068340010144,0.0,-0.25427676176921055,0.0,-0.1861856604419733,0.0
2024-02-27 16:00:00+00:00,0.2920668943887147,0.0,0.26747068340010144,0.0,-0.25427676176921055,0.0,-0.1861856604419733,0.0
2024-02-27 20:00:00+00:00,0.2920668943887147,0.0,0.26747068340010144,0.0,-0.25427676176921055,0.0,-0.1861856604419733,0.0
2024-02-28 00:00:00+00:00,0.2920668943887147,0.0,0.26747068340010144,0.0,-0.25427676176921055,0.0,-0.1861856604419733,0.0
2024-02-28 04:00:00+00:00,0.2920668943887147,0.0,0.26747068340010144,0.0,-0.25427676176921055,0.0,0.0,-0.16017362448542313
2024-02-28 08:00:00+00:00,0.2920668943887147,0.0,0.26747068340010144,0.0,-0.25427676176921055,0.0,0.0,-0.16017362448542313
2024-02-28 12:00:00+00:00,0.2920668943887147,0.0,0.26747068340010144,0.0,-0.25427676176921055,0.0,0.0,-0.16017362448542313
2024-02-28 16:00:00+00:00,0.2920668943887147,0.0,0.26747068340010144,0.0,-0.25427676176921055,0.0,0.0,-0.16017362448542313
2024-02-28 20:00:00+00:00,0.2920668943887147,0.0,0.26747068340010144,0.0,-0.25427676176921055,0.0,0.0,-0.16017362448542313
2024-02-29 00:00:00+00:00,0.2920668943887147,0.0,0.26747068340010144,0.0,-0.25427676176921055,0.0,0.0,-0.16017362448542313
2024-02-29 04:00:00+00:00,0.0,0.0,0.26747068340010144,0.0,0.28818165859321737,-0.2699878585051298,0.0,-0.16017362448542313
2024-02-29 08:00:00+00:00,0.0,0.0,0.26747068340010144,0.0,0.28818165859321737,-0.2699878585051298,0.0,-0.16017362448542313
2024-02-29 12:00:00+00:00,0.0,0.0,0.26747068340010144,0.0,0.28818165859321737,-0.2699878585051298,0.0,-0.16017362448542313
2024-02-29 16:00:00+00:00,0.0,0.0,0.26747068340010144,0.0,0.28818165859321737,-0.2699878585051298,0.0,-0.16017362448542313
2024-02-29 20:00:00+00:00,0.0,0.0,0.26747068340010144,0.0,0.28818165859321737,-0.2699878585051298,0.0,-0.16017362448542313
2024-03-01 00:00:00+00:00,0.0,0.0,0.26747068340010144,0.0,0.28818165859321737,-0.2699878585051298,0.0,-0.16017362448542313
2024-03-01 04:00:00+00:00,0.0,0.0,0.14489462159186514,0.0,0.17880189209692388,-0.2699878585051298,0.11602204890978451,-0.2602814374014265
2024-03-01 08:00:00+00:00,0.0,0.0,0.14489462159186514,0.0,0.17880189209692388,-0.2699878585051298,0.11602204890978451,-0.2602814374014265
2024-03-01 12:00:00+00:00,0.0,0.0,0.14489462159186514,0.0,0.17880189209692388,-0.2699878585051298,0.11602204890978451,-0.2602814374014265
2024-03-01 16:00:00+00:00,0.0,0.0,0.14489462159186514,0.0,0.17880189209692388,-0.2699878585051298,0.11602204890978451,-0.2602814374014265
2024-03-01 20:00:00+00:00,0.0,0.0,0.14489462159186514,0.0,0.17880189209692388,-0.2699878585051298,0.11602204890978451,-0.2602814374014265
2024-03-02 00:00:00+00:00,0.0,0.0,0.14489462159186514,0.0,0.17880189209692388,-0.2699878585051298,0.11602204890978451,-0.2602814374014265
2024-03-02 04:00:00+00:00,0.0,-0.2289831322419135,0.0,0.0,0.23421413494735122,-0.20771092388659193,0.11602204890978451,-0.16330594387149464
2024-03-02 08:00:00+00:00,0.0,-0.2289831322419135,0.0,0.0,0.23421413494735122,-0.20771092388659193,0.11602204890978451,-0.16330594387149464
2024-03-02 12:00:00+00:00,0.0,-0.2289831322419135,0.0,0.0,0.23421413494735122,-0.20771092388659193,0.11602204890978451,-0.16330594387149464
2024-03-02 16:00:00+00:00,0.0,-0.2289831322419135,0.0,0.0,0.23421413494735122,-0.20771092388659193,0.11602204890978451,-0.16330594387149464
2024-03-02 20:00:00+00:00,0.0,-0.2289831322419135,0.0,0.0,0.23421413494735122,-0.20771092388659193,0.11602204890978451,-0.16330594387149464
2024-03-03 00:00:00+00:00,0.0,-0.2289831322419135,0.0,0.0,0.23421413494735122,-0.20771092388659193,0.11602204890978451,-0.16330594387149464
2024-03-03 04:00:00+00:00,0.0,-0.21506576704743924,0.0,-0.17154292166192478,0.21997883465315113,0.13106175919747184,0.10897034510313588,-0.15338037233687707
2024-03-03 08:00:00+00:00,0.0,-0.21506576704743924,0.0,-0.17154292166192478,0.21997883465315113,0.13106175919747184,0.10897034510313588,-0.15338037233687707
2024-03-03 12:00:00+00:00,0.0,-0.21506576704743924,0.0,-0.17154292166192478,0.21997883465315113,0.13106175919747184,0.10897034510313588,-0.15338037233687707
2024-03-03 16:00:00+00:00,0.0,-0.21506576704743924,0.0,-0.17154292166192478,0.21997883465315113,0.13106175919747184,0.10897034510313588,-0.15338037233687707
2024-03-03 20:00:00+00:00,0.0,-0.21506576704743924,0.0,-0.17154292166192478,0.21997883465315113,0.13106175919747184,0.10897034510313588,-0.15338037233687707
2024-03-04 00:00:00+00:00,0.0,-0.21506576704743924,0.0,-0.17154292166192478,0.21997883465315113,0.13106175919747184,0.10897034510313588,-0.15338037233687707
2024-03-04 04:00:00+00:00,0.0,-0.21506576704743924,-0.2438602917297929,0.1694600562172925,0.0,0.13106175919747184,0.20528301424160772,0.0
2024-03-04 08:00:00+00:00,0.0,-0.21506576704743924,-0.2438602917297929,0.1694600562172925,0.0,0.13106175919747184,0.20528301424160772,0.0
2024-03-04 12:00:00+00:00,0.0,-0.21506576704743924,-0.2438602917297929,0.1694600562172925,0.0,0.13106175919747184,0.20528301424160772,0.0
2024-03-04 16:00:00+00:00,0.0,-0.21506576704743924,-0.2438602917297929,0.1694600562172925,0.0,0.13106175919747184,0.20528301424160772,0.0
2024-03-04 20:00:00+00:00,0.0,-0.21506576704743924,-0.2438602917297929,0.1694600562172925,0.0,0.13106175919747184,0.20528301424160772,0.0
2024-03-05 00:00:00+00:00,0.0,-0.21506576704743924,-0.2438602917297929,0.1694600562172925,0.0,0.13106175919747184,0.20528301424160772,0.0
2024-03-05 04:00:00+00:00,-0.24033960325937265,0.0,-0.2438602917297929,0.1694600562172925,0.1904854683423957,0.13106175919747184,0.0,0.0
2024-03-05 08:00:00+00:00,-0.24033960325937265,0.0,-0.2438602917297929,0.1694600562172925,0.1904854683423957,0.13106175919747184,0.0,0.0
2024-03-05 12:00:00+00:00,-0.24033960325937265,0.0,-0.2438602917297929,0.1694600562172925,0.1904854683423957,0.13106175919747184,0.0,0.0
2024-03-05 16:00:00+00:00,-0.24033960325937265,0.0,-0.2438602917297929,0.1694600562172925,0.1904854683423957,0.13106175919747184,0.0,0.0
2024-03-05 20:00:00+00:00,-0.24033960325937265,0.0,-0.2438602917297929,0.1694600562172925,0.1904854683423957,0.13106175919747184,0.0,0.0
2024-03-06 00:00:00+00:00,-0.24033960325937265,0.0,-0.2438602917297929,0.1694600562172925,0.1904854683423957,0.13106175919747184,0.0,0.0
2024-03-06 04:00:00+00:00,-0.230619740813256,0.0,-0.17953652357730004,0.21561105869014227,0.0,0.20405580218470495,-0.17017687473459686,0.0
2024-03-06 08:00:00+00:00,-0.230619740813256,0.0,-0.17953652357730004,0.21561105869014227,0.0,0.20405580218470495,-0.17017687473459686,0.0
2024-03-06 12:00:00+00:00,-0.230619740813256,0.0,-0.17953652357730004,0.21561105869014227,0.0,0.20405580218470495,-0.17017687473459686,0.0
2024-03-06 16:00:00+00:00,-0.230619740813256,0.0,-0.17953652357730004,0.21561105869014227,0.0,0.20405580218470495,-0.17017687473459686,0.0
2024-03-06 20:00:00+00:00,-0.230619740813256,0.0,-0.17953652357730004,0.21561105869014227,0.0,0.20405580218470495,-0.17017687473459686,0.0
2024-03-07 00:00:00+00:00,-0.230619740813256,0.0,-0.17953652357730004,0.21561105869014227,0.0,0.20405580218470495,-0.17017687473459686,0.0
2024-03-07 04:00:00+00:00,-0.230619740813256,0.0,-0.17953652357730004,0.0,0.0,0.20405580218470495,-0.17017687473459686,0.19146431388603583
2024-03-07 08:00:00+00:00,-0.230619740813256,0.0,-0.17953652357730004,0.0,0.0,0.20405580218470495,-0.17017687473459686,0.19146431388603583
2024-03-07 12:00:00+00:00,-0.230619740813256,0.0,-0.17953652357730004,0.0,0.0,0.20405580218470495,-0.17017687473459686,0.19146431388603583
2024-03-07 16:00:00+00:00,-0.230619740813256,0.0,-0.17953652357730004,0.0,0.0,0.20405580218470495,-0.17017687473459686,0.19146431388603583
2024-03-07 20:00:00+00:00,-0.230619740813256,0.0,-0.17953652357730004,0.0,0.0,0.20405580218470495,-0.17017687473459686,0.19146431388603583
2024-03-08 00:00:00+00:00,-0.230619740813256,0.0,-0.17953652357730004,0.0,0.0,0.20405580218470495,-0.17017687473459686,0.19146431388603583
2024-03-08 04:00:00+00:00,0.0,-0.19526498856676947,-0.17953652357730004,0.2262245221019951,0.0,0.0,-0.17017687473459686,0.19146431388603583
2024-03-08 08:00:00+00:00,0.0,-0.19526498856676947,-0.17953652357730004,0.2262245221019951,0.0,0.0,-0.17017687473459686,0.19146431388603583
2024-03-08 12:00:00+00:00,0.0,-0.19526498856676947,-0.17953652357730004,0.2262245221019951,0.0,0.0,-0.17017687473459686,0.19146431388603583
2024-03-08 16:00:00+00:00,0.0,-0.19526498856676947,-0.17953652357730004,0.2262245221019951,0.0,0.0,-0.17017687473459686,0.19146431388603583
2024-03-08 20:00:00+00:00,0.0,-0.19526498856676947,-0.17953652357730004,0.2262245221019951,0.0,0.0,-0.17017687473459686,0.19146431388603583
2024-03-09 00:00:00+00:00,0.0,-0.19526498856676947,-0.17953652357730004,0.2262245221019951,0.0,0.0,-0.17017687473459686,0.19146431388603583
2024-03-09 04:00:00+00:00,0.0,-0.3,0.1456717282387019,0.1404880207320694,0.0,-0.3,0.0,0.11384025102922875
2024-03-09 08:00:00+00:00,0.0,-0.3,0.1456717282387019,0.1404880207320694,0.0,-0.3,0.0,0.11384025102922875
2024-03-09 12:00:00+00:00,0.0,-0.3,0.1456717282387019,0.1404880207320694,0.0,-0.3,0.0,0.11384025102922875
2024-03-09 16:00:00+00:00,0.0,-0.3,0.1456717282387019,0.1404880207320694,0.0,-0.3,0.0,0.11384025102922875
2024-03-09 20:00:00+00:00,0.0,-0.3,0.1456717282387019,0.1404880207320694,0.0,-0.3,0.0,0.11384025102922875
2024-03-10 00:00:00+00:00,0.0,-0.3,0.1456717282387019,0.1404880207320694,0.0,-0.3,0.0,0.11384025102922875
2024-03-10 04:00:00+00:00,0.0,-0.2459280325047859,0.0,0.28272051588071967,0.0,-0.23078142275397373,0.0,0.24057002886052073
2024-03-10 08:00:00+00:00,0.0,-0.2459280325047859,0.0,0.28272051588071967,0.0,-0.23078142275397373,0.0,0.24057002886052073
2024-03-10 12:00:00+00:00,0.0,-0.2459280325047859,0.0,0.28272051588071967,0.0,-0.23078142275397373,0.0,0.24057002886052073
2024-03-10 16:00:00+00:00,0.0,-0.2459280325047859,0.0,0.28272051588071967,0.0,-0.23078142275397373,0.0,0.24057002886052073
2024-03-10 20:00:00+00:00,0.0,-0.2459280325047859,0.0,0.28272051588071967,0.0,-0.23078142275397373,0.0,0.24057002886052073
2024-03-11 00:00:00+00:00,0.0,-0.2459280325047859,0.0,0.28272051588071967,0.0,-0.23078142275397373,0.0,0.24057002886052073
2024-03-11 04:00:00+00:00,0.0,0.3,0.0,-0.20727666394759606,0.0,-0.23078142275397373,0.0,0.24057002886052073
2024-03-11 08:00:00+00:00,0.0,0.3,0.0,-0.20727666394759606,0.0,-0.23078142275397373,0.0,0.24057002886052073
2024-03-11 12:00:00+00:00,0.0,0.3,0.0,-0.20727666394759606,0.0,-0.23078142275397373,0.0,0.24057002886052073
2024-03-11 16:00:00+00:00,0.0,0.3,0.0,-0.20727666394759606,0.0,-0.23078142275397373,0.0,0.24057002886052073
2024-03-11 20:00:00+00:00,0.0,0.3,0.0,-0.20727666394759606,0.0,-0.23078142275397373,0.0,0.24057002886052073
2024-03-12 00:00:00+00:00,0.0,0.3,0.0,-0.20727666394759606,0.0,-0.23078142275397373,0.0,0.24057002886052073
2024-03-12 04:00:00+00:00,0.0,0.29930727255491524,0.2636461569408466,-0.20679804316812236,0.0,-0.2302485273361158,0.0,0.0
2024-03-12 08:00:00+00:00,0.0,0.29930727255491524,0.2636461569408466,-0.20679804316812236,0.0,-0.2302485273361158,0.0,0.0
2024-03-12 12:00:00+00:00,0.0,0.29930727255491524,0.2636461569408466,-0.20679804316812236,0.0,-0.2302485273361158,0.0,0.0
2024-03-12 16:00:00+00:00,0.0,0.29930727255491524,0.2636461569408466,-0.20679804316812236,0.0,-0.2302485273361158,0.0,0.0
2024-03-12 20:00:00+00:00,0.0,0.29930727255491524,0.2636461569408466,-0.20679804316812236,0.0,-0.2302485273361158,0.0,0.0
2024-03-13 00:00:00+00:00,0.0,0.29930727255491524,0.2636461569408466,-0.20679804316812236,0.0,-0.2302485273361158,0.0,0.0
2024-03-13 04:00:00+00:00,0.0,0.28440514685862683,0.25051955251009383,-0.24629055252932344,0.0,-0.21878474810195583,0.0,0.0
2024-03-13 08:00:00+00:00,0.0,0.28440514685862683,0.25051955251009383,-0.24629055252932344,0.0,-0.21878474810195583,0.0,0.0
2024-03-13 12:00:00+00:00,0.0,0.28440514685862683,0.25051955251009383,-0.24629055252932344,0.0,-0.21878474810195583,0.0,0.0
2024-03-13 16:00:00+00:00,0.0,0.28440514685862683,0.25051955251009383,-0.24629055252932344,0.0,-0.21878474810195583,0.0,0.0
2024-03-13 20:00:00+00:00,0.0,0.28440514685862683,0.25051955251009383,-0.24629055252932344,0.0,-0.21878474810195583,0.0,0.0
2024-03-14 00:00:00+00:00,0.0,0.28440514685862683,0.25051955251009383,-0.24629055252932344,0.0,-0.21878474810195583,0.0,0.0
2024-03-14 04:00:00+00:00,0.0,0.28440514685862683,0.25051955251009383,-0.24629055252932344,0.0,-0.21878474810195583,0.0,0.0
2024-03-14 08:00:00+00:00,0.0,0.28440514685862683,0.25051955251009383,-0.24629055252932344,0.0,-0.21878474810195583,0.0,0.0
2024-03-14 12:00:00+00:00,0.0,0.28440514685862683,0.25051955251009383,-0.24629055252932344,0.0,-0.21878474810195583,0.0,0.0
2024-03-14 16:00:00+00:00,0.0,0.28440514685862683,0.25051955251009383,-0.24629055252932344,0.0,-0.21878474810195583,0.0,0.0
2024-03-14 20:00:00+00:00,0.0,0.28440514685862683,0.25051955251009383,-0.24629055252932344,0.0,-0.21878474810195583,0.0,0.0
2024-03-15 00:00:00+00:00,0.0,0.28440514685862683,0.25051955251009383,-0.24629055252932344,0.0,-0.21878474810195583,0.0,0.0
2024-03-15 04:00:00+00:00,0.0,0.2208145452449315,0.25051955251009383,-0.3,0.0,-0.21878474810195583,0.0,0.0
2024-03-15 08:00:00+00:00,0.0,0.2208145452449315,0.25051955251009383,-0.3,0.0,-0.21878474810195583,0.0,0.0
2024-03-15 12:00:00+00:00,0.0,0.2208145452449315,0.25051955251009383,-0.3,0.0,-0.21878474810195583,0.0,0.0
2024-03-15 16:00:00+00:00,0.0,0.2208145452449315,0.25051955251009383,-0.3,0.0,-0.21878474810195583,0.0,0.0
2024-03-15 20:00:00+00:00,0.0,0.2208145452449315,0.25051955251009383,-0.3,0.0,-0.21878474810195583,0.0,0.0
2024-03-16 00:00:00+00:00,0.0,0.2208145452449315,0.25051955251009383,-0.3,0.0,-0.21878474810195583,0.0,0.0
2024-03-16 04:00:00+00:00,0.0,0.20611174955380132,0.23383886785182711,0.0,-0.28002469129718577,0.0,0.0,-0.2800246912971857
2024-03-16 08:00:00+00:00,0.0,0.20611174955380132,0.23383886785182711,0.0,-0.28002469129718577,0.0,0.0,-0.2800246912971857
2024-03-16 12:00:00+00:00,0.0,0.20611174955380132,0.23383886785182711,0.0,-0.28002469129718577,0.0,0.0,-0.2800246912971857
2024-03-16 16:00:00+00:00,0.0,0.20611174955380132,0.23383886785182711,0.0,-0.28002469129718577,0.0,0.0,-0.2800246912971857
2024-03-16 20:00:00+00:00,0.0,0.20611174955380132,0.23383886785182711,0.0,-0.28002469129718577,0.0,0.0,-0.2800246912971857
2024-03-17 00:00:00+00:00,0.0,0.20611174955380132,0.23383886785182711,0.0,-0.28002469129718577,0.0,0.0,-0.2800246912971857
2024-03-17 04:00:00+00:00,0.0,0.20303675649878397,0.23035021232299813,0.0,-0.27584698681000197,0.0,-0.2907660443682159,0.0
2024-03-17 08:00:00+00:00,0.0,0.20303675649878397,0.23035021232299813,0.0,-0.27584698681000197,0.0,-0.2907660443682159,0.0
2024-03-17 12:00:00+00:00,0.0,0.20303675649878397,0.23035021232299813,0.0,-0.27584698681000197,0.0,-0.2907660443682159,0.0
2024-03-17 16:00:00+00:00,0.0,0.20303675649878397,0.23035021232299813,0.0,-0.27584698681000197,0.0,-0.2907660443682159,0.0
2024-03-17 20:00:00+00:00,0.0,0.20303675649878397,0.23035021232299813,0.0,-0.27584698681000197,0.0,-0.2907660443682159,0.0
2024-03-18 00:00:00+00:00,0.0,0.20303675649878397,0.23035021232299813,0.0,-0.27584698681000197,0.0,-0.2907660443682159,0.0
2024-03-18 04:00:00+00:00,0.0,0.20303675649878397,0.23035021232299813,0.0,-0.27584698681000197,0.0,-0.2907660443682159,0.0
2024-03-18 08:00:00+00:00,0.0,0.20303675649878397,0.23035021232299813,0.0,-0.27584698681000197,0.0,-0.2907660443682159,0.0
2024-03-18 12:00:00+00:00,0.0,0.20303675649878397,0.23035021232299813,0.0,-0.27584698681000197,0.0,-0.2907660443682159,0.0
2024-03-18 16:00:00+00:00,0.0,0.20303675649878397,0.23035021232299813,0.0,-0.27584698681000197,0.0,-0.2907660443682159,0.0
2024-03-18 20:00:00+00:00,0.0,0.20303675649878397,0.23035021232299813,0.0,-0.27584698681000197,0.0,-0.2907660443682159,0.0
2024-03-19 00:00:00+00:00,0.0,0.20303675649878397,0.23035021232299813,0.0,-0.27584698681000197,0.0,-0.2907660443682159,0.0
2024-03-19 04:00:00+00:00,0.0,0.20303675649878397,0.23035021232299813,-0.29523471418968433,0.0,0.0,-0.20639426889001777,0.0
2024-03-19 08:00:00+00:00,0.0,0.20303675649878397,0.23035021232299813,-0.29523471418968433,0.0,0.0,-0.20639426889001777,0.0
2024-03-19 12:00:00+00:00,0.0,0.20303675649878397,0.23035021232299813,-0.29523471418968433,0.0,0.0,-0.20639426889001777,0.0
2024-03-19 16:00:00+00:00,0.0,0.20303675649878397,0.23035021232299813,-0.29523471418968433,0.0,0.0,-0.20639426889001777,0.0
2024-03-19 20:00:00+00:00,0.0,0.20303675649878397,0.23035021232299813,-0.29523471418968433,0.0,0.0,-0.20639426889001777,0.0
2024-03-20 00:00:00+00:00,0.0,0.20303675649878397,0.23035021232299813,-0.29523471418968433,0.0,0.0,-0.20639426889001777,0.0
2024-03-20 04:00:00+00:00,0.1452044335567154,0.1370409694182072,0.14887138623527257,-0.29523471418968433,0.0,0.0,-0.26888321078980476,0.0
2024-03-20 08:00:00+00:00,0.1452044335567154,0.1370409694182072,0.14887138623527257,-0.29523471418968433,0.0,0.0,-0.26888321078980476,0.0
2024-03-20 12:00:00+00:00,0.1452044335567154,0.1370409694182072,0.14887138623527257,-0.29523471418968433,0.0,0.0,-0.26888321078980476,0.0
2024-03-20 16:00:00+00:00,0.1452044335567154,0.1370409694182072,0.14887138623527257,-0.29523471418968433,0.0,0.0,-0.26888321078980476,0.0
2024-03-20 20:00:00+00:00,0.1452044335567154,0.1370409694182072,0.14887138623527257,-0.29523471418968433,0.0,0.0,-0.26888321078980476,0.0
2024-03-21 00:00:00+00:00,0.1452044335567154,0.1370409694182072,0.14887138623527257,-0.29523471418968433,0.0,0.0,-0.26888321078980476,0.0
2024-03-21 04:00:00+00:00,0.1452044335567154,0.1370409694182072,0.14887138623527257,-0.29523471418968433,0.0,0.0,-0.26888321078980476,0.0
2024-03-21 08:00:00+00:00,0.1452044335567154,0.1370409694182072,0.14887138623527257,-0.29523471418968433,0.0,0.0,-0.26888321078980476,0.0
2024-03-21 12:00:00+00:00,0.1452044335567154,0.1370409694182072,0.14887138623527257,-0.29523471418968433,0.0,0.0,-0.26888321078980476,0.0
2024-03-21 16:00:00+00:00,0.1452044335567154,0.1370409694182072,0.14887138623527257,-0.29523471418968433,0.0,0.0,-0.26888321078980476,0.0
2024-03-21 20:00:00+00:00,0.1452044335567154,0.1370409694182072,0.14887138623527257,-0.29523471418968433,0.0,0.0,-0.26888321078980476,0.0
2024-03-22 00:00:00+00:00,0.1452044335567154,0.1370409694182072,0.14887138623527257,-0.29523471418968433,0.0,0.0,-0.26888321078980476,0.0
2024-03-22 04:00:00+00:00,0.14376563578712817,0.13568306156159915,0.14739625346402008,-0.22004347128861104,0.0,0.0,-0.18081699995021125,-0.17229457794843026
2024-03-22 08:00:00+00:00,0.14376563578712817,0.13568306156159915,0.14739625346402008,-0.22004347128861104,0.0,0.0,-0.18081699995021125,-0.17229457794843026
2024-03-22 12:00:00+00:00,0.14376563578712817,0.13568306156159915,0.14739625346402008,-0.22004347128861104,0.0,0.0,-0.18081699995021125,-0.17229457794843026
2024-03-22 16:00:00+00:00,0.14376563578712817,0.13568306156159915,0.14739625346402008,-0.22004347128861104,0.0,0.0,-0.18081699995021125,-0.17229457794843026
2024-03-22 20:00:00+00:00,0.14376563578712817,0.13568306156159915,0.14739625346402008,-0.22004347128861104,0.0,0.0,-0.18081699995021125,-0.17229457794843026
2024-03-23 00:00:00+00:00,0.14376563578712817,0.13568306156159915,0.14739625346402008,-0.22004347128861104,0.0,0.0,-0.18081699995021125,-0.17229457794843026
2024-03-23 04:00:00+00:00,0.14376563578712817,0.13568306156159915,0.14739625346402008,0.0,0.0,0.0,-0.28360293638451683,-0.269670629206416
2024-03-23 08:00:00+00:00,0.14376563578712817,0.13568306156159915,0.14739625346402008,0.0,0.0,0.0,-0.28360293638451683,-0.269670629206416
2024-03-23 12:00:00+00:00,0.14376563578712817,0.13568306156159915,0.14739625346402008,0.0,0.0,0.0,-0.28360293638451683,-0.269670629206416
2024-03-23 16:00:00+00:00,0.14376563578712817,0.13568306156159915,0.14739625346402008,0.0,0.0,0.0,-0.28360293638451683,-0.269670629206416
2024-03-23 20:00:00+00:00,0.14376563578712817,0.13568306156159915,0.14739625346402008,0.0,0.0,0.0,-0.28360293638451683,-0.269670629206416
2024-03-24 00:00:00+00:00,0.14376563578712817,0.13568306156159915,0.14739625346402008,0.0,0.0,0.0,-0.28360293638451683,-0.269670629206416
2024-03-24 04:00:00+00:00,0.0,-0.29999999999999993,0.23345530859269467,0.0,0.0,-0.2785284488280329,0.1880162425792724,0.0
2024-03-24 08:00:00+00:00,0.0,-0.29999999999999993,0.23345530859269467,0.0,0.0,-0.2785284488280329,0.1880162425792724,0.0
2024-03-24 12:00:00+00:00,0.0,-0.29999999999999993,0.23345530859269467,0.0,0.0,-0.2785284488280329,0.1880162425792724,0.0
2024-03-24 16:00:00+00:00,0.0,-0.29999999999999993,0.23345530859269467,0.0,0.0,-0.2785284488280329,0.1880162425792724,0.0
2024-03-24 20:00:00+00:00,0.0,-0.29999999999999993,0.23345530859269467,0.0,0.0,-0.2785284488280329,0.1880162425792724,0.0
2024-03-25 00:00:00+00:00,0.0,-0.29999999999999993,0.23345530859269467,0.0,0.0,-0.2785284488280329,0.1880162425792724,0.0
2024-03-25 04:00:00+00:00,0.0,-0.29999999999999993,0.23345530859269467,0.0,0.0,-0.2785284488280329,0.1880162425792724,0.0
2024-03-25 08:00:00+00:00,0.0,-0.29999999999999993,0.23345530859269467,0.0,0.0,-0.2785284488280329,0.1880162425792724,0.0
2024-03-25 12:00:00+00:00,0.0,-0.29999999999999993,0.23345530859269467,0.0,0.0,-0.2785284488280329,0.1880162425792724,0.0
2024-03-25 16:00:00+00:00,0.0,-0.29999999999999993,0.23345530859269467,0.0,0.0,-0.2785284488280329,0.1880162425792724,0.0
2024-03-25 20:00:00+00:00,0.0,-0.29999999999999993,0.23345530859269467,0.0,0.0,-0.2785284488280329,0.1880162425792724,0.0
2024-03-26 00:00:00+00:00,0.0,-0.29999999999999993,0.23345530859269467,0.0,0.0,-0.2785284488280329,0.1880162425792724,0.0
2024-03-26 04:00:00+00:00,0.0,-0.28217414197678825,0.15606730788254838,0.0,-0.2765631673817644,0.0,0.1768444064250196,0.1083509763338793
2024-03-26 08:00:00+00:00,0.0,-0.28217414197678825,0.15606730788254838,0.0,-0.2765631673817644,0.0,0.1768444064250196,0.1083509763338793
2024-03-26 12:00:00+00:00,0.0,-0.28217414197678825,0.15606730788254838,0.0,-0.2765631673817644,0.0,0.1768444064250196,0.1083509763338793
2024-03-26 16:00:00+00:00,0.0,-0.28217414197678825,0.15606730788254838,0.0,-0.2765631673817644,0.0,0.1768444064250196,0.1083509763338793
2024-03-26 20:00:00+00:00,0.0,-0.28217414197678825,0.15606730788254838,0.0,-0.2765631673817644,0.0,0.1768444064250196,0.1083509763338793
2024-03-27 00:00:00+00:00,0.0,-0.28217414197678825,0.15606730788254838,0.0,-0.2765631673817644,0.0,0.1768444064250196,0.1083509763338793
2024-03-27 04:00:00+00:00,0.0,-0.28217414197678825,0.0,0.23005163070235993,-0.2765631673817644,0.0,0.1768444064250196,0.0
2024-03-27 08:00:00+00:00,0.0,-0.28217414197678825,0.0,0.23005163070235993,-0.2765631673817644,0.0,0.1768444064250196,0.0
2024-03-27 12:00:00+00:00,0.0,-0.28217414197678825,0.0,0.23005163070235993,-0.2765631673817644,0.0,0.1768444064250196,0.0
2024-03-27 16:00:00+00:00,0.0,-0.28217414197678825,0.0,0.23005163070235993,-0.2765631673817644,0.0,0.1768444064250196,0.0
2024-03-27 20:00:00+00:00,0.0,-0.28217414197678825,0.0,0.23005163070235993,-0.2765631673817644,0.0,0.1768444064250196,0.0
2024-03-28 00:00:00+00:00,0.0,-0.28217414197678825,0.0,0.23005163070235993,-0.2765631673817644,0.0,0.1768444064250196,0.0
2024-03-28 04:00:00+00:00,0.0,0.0,-0.24479157965048692,0.22374361597568673,-0.21606665327337354,0.14340281754074174,0.17199533355971103,0.0
2024-03-28 08:00:00+00:00,0.0,0.0,-0.24479157965048692,0.22374361597568673,-0.21606665327337354,0.14340281754074174,0.17199533355971103,0.0
2024-03-28 12:00:00+00:00,0.0,0.0,-0.24479157965048692,0.22374361597568673,-0.21606665327337354,0.14340281754074174,0.17199533355971103,0.0
2024-03-28 16:00:00+00:00,0.0,0.0,-0.24479157965048692,0.22374361597568673,-0.21606665327337354,0.14340281754074174,0.17199533355971103,0.0
2024-03-28 20:00:00+00:00,0.0,0.0,-0.24479157965048692,0.22374361597568673,-0.21606665327337354,0.14340281754074174,0.17199533355971103,0.0
2024-03-29 00:00:00+00:00,0.0,0.0,-0.24479157965048692,0.22374361597568673,-0.21606665327337354,0.14340281754074174,0.17199533355971103,0.0
2024-03-29 04:00:00+00:00,0.0,0.1815083088999498,-0.24479157965048692,0.0,-0.21606665327337354,0.14340281754074174,0.17199533355971103,0.0
2024-03-29 08:00:00+00:00,0.0,0.1815083088999498,-0.24479157965048692,0.0,-0.21606665327337354,0.14340281754074174,0.17199533355971103,0.0
2024-03-29 12:00:00+00:00,0.0,0.1815083088999498,-0.24479157965048692,0.0,-0.21606665327337354,0.14340281754074174,0.17199533355971103,0.0
2024-03-29 16:00:00+00:00,0.0,0.1815083088999498,-0.24479157965048692,0.0,-0.21606665327337354,0.14340281754074174,0.17199533355971103,0.0
2024-03-29 20:00:00+00:00,0.0,0.1815083088999498,-0.24479157965048692,0.0,-0.21606665327337354,0.14340281754074174,0.17199533355971103,0.0
2024-03-30 00:00:00+00:00,0.0,0.1815083088999498,-0.24479157965048692,0.0,-0.21606665327337354,0.14340281754074174,0.17199533355971103,0.0
2024-03-30 04:00:00+00:00,0.0,0.26362955272922406,-0.24479157965048692,0.0,0.0,-0.19312082911308978,0.255911704695342,0.0
2024-03-30 08:00:00+00:00,0.0,0.26362955272922406,-0.24479157965048692,0.0,0.0,-0.19312082911308978,0.255911704695342,0.0
2024-03-30 12:00:00+00:00,0.0,0.26362955272922406,-0.24479157965048692,0.0,0.0,-0.19312082911308978,0.255911704695342,0.0
2024-03-30 16:00:00+00:00,0.0,0.26362955272922406,-0.24479157965048692,0.0,0.0,-0.19312082911308978,0.255911704695342,0.0
2024-03-30 20:00:00+00:00,0.0,0.26362955272922406,-0.24479157965048692,0.0,0.0,-0.19312082911308978,0.255911704695342,0.0
2024-03-31 00:00:00+00:00,0.0,0.26362955272922406,-0.24479157965048692,0.0,0.0,-0.19312082911308978,0.255911704695342,0.0
2024-03-31 04:00:00+00:00,0.16076416571372995,0.13061953600058707,-0.24097696750889616,-0.1947083083047486,0.0,-0.14026432989299153,0.13266669257904665,0.0
2024-03-31 08:00:00+00:00,0.16076416571372995,0.13061953600058707,-0.24097696750889616,-0.1947083083047486,0.0,-0.14026432989299153,0.13266669257904665,0.0
2024-03-31 12:00:00+00:00,0.16076416571372995,0.13061953600058707,-0.24097696750889616,-0.1947083083047486,0.0,-0.14026432989299153,0.13266669257904665,0.0
2024-03-31 16:00:00+00:00,0.16076416571372995,0.13061953600058707,-0.24097696750889616,-0.1947083083047486,0.0,-0.14026432989299153,0.13266669257904665,0.0
2024-03-31 20:00:00+00:00,0.16076416571372995,0.13061953600058707,-0.24097696750889616,-0.1947083083047486,0.0,-0.14026432989299153,0.13266669257904665,0.0
2024-04-01 00:00:00+00:00,0.16076416571372995,0.13061953600058707,-0.24097696750889616,-0.1947083083047486,0.0,-0.14026432989299153,0.13266669257904665,0.0
2024-04-01 04:00:00+00:00,0.14705333731962214,0.11947960294976612,-0.220425162112597,-0.17810254177573753,0.08528535157842608,-0.12830183720415542,0.12135216705969568,0.0
2024-04-01 08:00:00+00:00,0.14705333731962214,0.11947960294976612,-0.220425162112597,-0.17810254177573753,0.08528535157842608,-0.12830183720415542,0.12135216705969568,0.0
2024-04-01 12:00:00+00:00,0.14705333731962214,0.11947960294976612,-0.220425162112597,-0.17810254177573753,0.08528535157842608,-0.12830183720415542,0.12135216705969568,0.0
2024-04-01 16:00:00+00:00,0.14705333731962214,0.11947960294976612,-0.220425162112597,-0.17810254177573753,0.08528535157842608,-0.12830183720415542,0.12135216705969568,0.0
2024-04-01 20:00:00+00:00,0.14705333731962214,0.11947960294976612,-0.220425162112597,-0.17810254177573753,0.08528535157842608,-0.12830183720415542,0.12135216705969568,0.0
2024-04-02 00:00:00+00:00,0.14705333731962214,0.11947960294976612,-0.220425162112597,-0.17810254177573753,0.08528535157842608,-0.12830183720415542,0.12135216705969568,0.0
2024-04-02 04:00:00+00:00,0.14677965018451056,0.17588560647531828,-0.22001491959634606,-0.1777710676636693,0.15148570680760404,-0.12806304927255183,0.0,0.0
2024-04-02 08:00:00+00:00,0.14677965018451056,0.17588560647531828,-0.22001491959634606,-0.1777710676636693,0.15148570680760404,-0.12806304927255183,0.0,0.0
2024-04-02 12:00:00+00:00,0.14677965018451056,0.17588560647531828,-0.22001491959634606,-0.1777710676636693,0.15148570680760404,-0.12806304927255183,0.0,0.0
2024-04-02 16:00:00+00:00,0.14677965018451056,0.17588560647531828,-0.22001491959634606,-0.1777710676636693,0.15148570680760404,-0.12806304927255183,0.0,0.0
2024-04-02 20:00:00+00:00,0.14677965018451056,0.17588560647531828,-0.22001491959634606,-0.1777710676636693,0.15148570680760404,-0.12806304927255183,0.0,0.0
2024-04-03 00:00:00+00:00,0.14677965018451056,0.17588560647531828,-0.22001491959634606,-0.1777710676636693,0.15148570680760404,-0.12806304927255183,0.0,0.0
2024-04-03 04:00:00+00:00,0.20129305153834048,0.17588560647531828,-0.15384620864146456,-0.1777710676636693,0.15148570680760404,-0.12806304927255183,0.0,0.0
2024-04-03 08:00:00+00:00,0.20129305153834048,0.17588560647531828,-0.15384620864146456,-0.1777710676636693,0.15148570680760404,-0.12806304927255183,0.0,0.0
2024-04-03 12:00:00+00:00,0.20129305153834048,0.17588560647531828,-0.15384620864146456,-0.1777710676636693,0.15148570680760404,-0.12806304927255183,0.0,0.0
2024-04-03 16:00:00+00:00,0.20129305153834048,0.17588560647531828,-0.15384620864146456,-0.1777710676636693,0.15148570680760404,-0.12806304927255183,0.0,0.0
2024-04-03 20:00:00+00:00,0.20129305153834048,0.17588560647531828,-0.15384620864146456,-0.1777710676636693,0.15148570680760404,-0.12806304927255183,0.0,0.0
2024-04-04 00:00:00+00:00,0.20129305153834048,0.17588560647531828,-0.15384620864146456,-0.1777710676636693,0.15148570680760404,-0.12806304927255183,0.0,0.0
2024-04-04 04:00:00+00:00,-0.20429252990045244,0.30000000000000004,0.0,-0.1777710676636693,0.3,0.0,0.0,0.0
2024-04-04 08:00:00+00:00,-0.20429252990045244,0.30000000000000004,0.0,-0.1777710676636693,0.3,0.0,0.0,0.0
2024-04-04 12:00:00+00:00,-0.20429252990045244,0.30000000000000004,0.0,-0.1777710676636693,0.3,0.0,0.0,0.0
2024-04-04 16:00:00+00:00,-0.20429252990045244,0.30000000000000004,0.0,-0.1777710676636693,0.3,0.0,0.0,0.0
2024-04-04 20:00:00+00:00,-0.20429252990045244,0.30000000000000004,0.0,-0.1777710676636693,0.3,0.0,0.0,0.0
2024-04-05 00:00:00+00:00,-0.20429252990045244,0.30000000000000004,0.0,-0.1777710676636693,0.3,0.0,0.0,0.0
2024-04-05 04:00:00+00:00,0.0,0.0,-0.19377816881312016,-0.1777710676636693,0.3,0.0,0.3,0.0
2024-04-05 08:00:00+00:00,0.0,0.0,-0.19377816881312016,-0.1777710676636693,0.3,0.0,0.3,0.0
2024-04-05 12:00:00+00:00,0.0,0.0,-0.19377816881312016,-0.1777710676636693,0.3,0.0,0.3,0.0
2024-04-05 16:00:00+00:00,0.0,0.0,-0.19377816881312016,-0.1777710676636693,0.3,0.0,0.3,0.0
2024-04-05 20:00:00+00:00,0.0,0.0,-0.19377816881312016,-0.1777710676636693,0.3,0.0,0.3,0.0
2024-04-06 00:00:00+00:00,0.0,0.0,-0.19377816881312016,-0.1777710676636693,0.3,0.0,0.3,0.0
2024-04-06 04:00:00+00:00,0.0,0.0,-0.19377816881312016,-0.1777710676636693,0.3,0.0,0.3,0.0
2024-04-06 08:00:00+00:00,0.0,0.0,-0.19377816881312016,-0.1777710676636693,0.3,0.0,0.3,0.0
2024-04-06 12:00:00+00:00,0.0,0.0,-0.19377816881312016,-0.1777710676636693,0.3,0.0,0.3,0.0
2024-04-06 16:00:00+00:00,0.0,0.0,-0.19377816881312016,-0.1777710676636693,0.3,0.0,0.3,0.0
2024-04-06 20:00:00+00:00,0.0,0.0,-0.19377816881312016,-0.1777710676636693,0.3,0.0,0.3,0.0
2024-04-07 00:00:00+00:00,0.0,0.0,-0.19377816881312016,-0.1777710676636693,0.3,0.0,0.3,0.0
2024-04-07 04:00:00+00:00,0.0,0.0,-0.19377816881312016,-0.1777710676636693,0.20773507597322177,0.17473092494846698,0.21635078956374765,0.0
2024-04-07 08:00:00+00:00,0.0,0.0,-0.19377816881312016,-0.1777710676636693,0.20773507597322177,0.17473092494846698,0.21635078956374765,0.0
2024-04-07 12:00:00+00:00,0.0,0.0,-0.19377816881312016,-0.1777710676636693,0.20773507597322177,0.17473092494846698,0.21635078956374765,0.0
2024-04-07 16:00:00+00:00,0.0,0.0,-0.19377816881312016,-0.1777710676636693,0.20773507597322177,0.17473092494846698,0.21635078956374765,0.0
2024-04-07 20:00:00+00:00,0.0,0.0,-0.19377816881312016,-0.1777710676636693,0.20773507597322177,0.17473092494846698,0.21635078956374765,0.0
2024-04-08 00:00:00+00:00,0.0,0.0,-0.19377816881312016,-0.1777710676636693,0.20773507597322177,0.17473092494846698,0.21635078956374765,0.0
2024-04-08 04:00:00+00:00,-0.22600589925859949,0.0,0.0,-0.17717732283648738,0.20704125313464436,0.17414733401772484,0.21562819075254386,0.0
2024-04-08 08:00:00+00:00,-0.22600589925859949,0.0,0.0,-0.17717732283648738,0.20704125313464436,0.17414733401772484,0.21562819075254386,0.0
2024-04-08 12:00:00+00:00,-0.22600589925859949,0.0,0.0,-0.17717732283648738,0.20704125313464436,0.17414733401772484,0.21562819075254386,0.0
2024-04-08 16:00:00+00:00,-0.22600589925859949,0.0,0.0,-0.17717732283648738,0.20704125313464436,0.17414733401772484,0.21562819075254386,0.0
2024-04-08 20:00:00+00:00,-0.22600589925859949,0.0,0.0,-0.17717732283648738,0.20704125313464436,0.17414733401772484,0.21562819075254386,0.0
2024-04-09 00:00:00+00:00,-0.22600589925859949,0.0,0.0,-0.17717732283648738,0.20704125313464436,0.17414733401772484,0.21562819075254386,0.0
2024-04-09 04:00:00+00:00,-0.22458761269287356,0.0,0.15477193841090056,-0.17606545709513013,0.13510342288539834,0.1730544827908119,0.13641708612488546,0.0
2024-04-09 08:00:00+00:00,-0.22458761269287356,0.0,0.15477193841090056,-0.17606545709513013,0.13510342288539834,0.1730544827908119,0.13641708612488546,0.0
2024-04-09 12:00:00+00:00,-0.22458761269287356,0.0,0.15477193841090056,-0.17606545709513013,0.13510342288539834,0.1730544827908119,0.13641708612488546,0.0
2024-04-09 16:00:00+00:00,-0.22458761269287356,0.0,0.15477193841090056,-0.17606545709513013,0.13510342288539834,0.1730544827908119,0.13641708612488546,0.0
2024-04-09 20:00:00+00:00,-0.22458761269287356,0.0,0.15477193841090056,-0.17606545709513013,0.13510342288539834,0.1730544827908119,0.13641708612488546,0.0
