timestamp,symbol,delta_weight,target_weight,reference_open,estimated_cost_fraction
2024-01-08 04:00:00+00:00,ETHUSDT,0.2614940410388324,0.2614940410388324,97.10555396081973,0.0003137928492465989
2024-01-08 04:00:00+00:00,XRPUSDT,-0.3,-0.3,77.5194955247176,0.00036
2024-01-08 04:00:00+00:00,TRXUSDT,-0.2805808313200074,-0.2805808313200074,86.23783252788769,0.0003366969975840089
2024-01-08 04:00:00+00:00,ADAUSDT,0.15792512764116023,0.15792512764116023,88.57319063061671,0.0001895101531693923
2024-01-09 04:00:00+00:00,BTCUSDT,0.22177400874693823,0.22177400874693823,88.99536141393476,0.0002661288104963259
2024-01-09 04:00:00+00:00,ETHUSDT,-0.059736250136376845,0.20175779090245555,97.84855417757053,7.168350016365222e-05
2024-01-09 04:00:00+00:00,XRPUSDT,0.0021250947745126703,-0.2978749052254873,77.05357894973159,2.5501137294152046e-06
2024-01-09 04:00:00+00:00,TRXUSDT,0.0019875361948885617,-0.2785932951251188,87.78317318261443,2.385043433866274e-06
2024-01-09 04:00:00+00:00,ADAUSDT,-0.15792512764116023,0.0,85.08656587879948,0.0001895101531693923
2024-01-10 04:00:00+00:00,BTCUSDT,-0.22177400874693823,0.0,86.29781440069024,0.0002661288104963259
2024-01-10 04:00:00+00:00,SOLUSDT,0.2362741182176181,0.2362741182176181,90.81670732861525,0.0002835289418611417
2024-01-10 04:00:00+00:00,TRXUSDT,0.2785932951251188,0.0,88.88221703311129,0.00033431195415014264
2024-01-10 04:00:00+00:00,DOGEUSDT,-0.25958274217530564,-0.25958274217530564,89.18191962250431,0.0003114992906103668
2024-01-11 04:00:00+00:00,ETHUSDT,0.06985351120574312,0.27161130210819867,98.70505527793105,8.382421344689176e-05
2024-01-11 04:00:00+00:00,SOLUSDT,-0.2362741182176181,0.0,90.48855396048783,0.0002835289418611417
2024-01-11 04:00:00+00:00,XRPUSDT,0.5116713364272846,0.21379643120179723,81.30333535228196,0.0006140056037127415
2024-01-11 04:00:00+00:00,TRXUSDT,-0.23231335657130653,-0.23231335657130653,85.88483534874103,0.0002787760278855679
2024-01-13 04:00:00+00:00,ETHUSDT,-0.27161130210819867,0.0,94.02866477599967,0.00032593356252983845
2024-01-13 04:00:00+00:00,XRPUSDT,0.07972947789744814,0.29352590909924536,81.57882740282854,9.567537347693778e-05
2024-01-13 04:00:00+00:00,ADAUSDT,0.21039418642187618,0.21039418642187618,88.78575113579818,0.00025247302370625145
2024-01-14 04:00:00+00:00,SOLUSDT,-0.24498768401791346,-0.24498768401791346,86.74259870003561,0.0002939852208214962
2024-01-14 04:00:00+00:00,XRPUSDT,-0.003264150415534739,0.2902617586837106,82.54253036635366,3.916980498641687e-06
2024-01-14 04:00:00+00:00,TRXUSDT,0.23231335657130653,0.0,86.44912973403646,0.0002787760278855679
2024-01-14 04:00:00+00:00,DOGEUSDT,0.002886685943116085,-0.25669605623218955,83.49426659788615,3.4640231317393026e-06
2024-01-14 04:00:00+00:00,ADAUSDT,-0.0023396853556898467,0.20805450106618634,92.48782992618983,2.807622426827816e-06
2024-01-16 04:00:00+00:00,BTCUSDT,0.2883490464795231,0.2883490464795231,91.18335229705664,0.00034601885577542776
2024-01-16 04:00:00+00:00,SOLUSDT,0.009514467065273313,-0.23547321695264015,84.66524723146617,1.1417360478327976e-05
2024-01-16 04:00:00+00:00,XRPUSDT,-0.011272754197319323,0.2789890044863913,85.0805066045149,1.3527305036783189e-05
2024-01-16 04:00:00+00:00,DOGEUSDT,0.059507324150744056,-0.1971887320814455,84.852029510588,7.140878898089287e-05
2024-01-16 04:00:00+00:00,ADAUSDT,-0.20805450106618634,0.0,89.34306284821996,0.00024966540127942363
2024-01-17 04:00:00+00:00,BTCUSDT,-0.005946522034082191,0.2824025244454409,91.08501635523155,7.13582644089863e-06
2024-01-17 04:00:00+00:00,SOLUSDT,-0.04909628297204341,-0.28456949992468356,83.70603799148076,5.89155395664521e-05
2024-01-17 04:00:00+00:00,BNBUSDT,-0.21010698023910584,-0.21010698023910584,89.00091757107145,0.00025212837628692703
2024-01-17 04:00:00+00:00,XRPUSDT,-0.05606800909562168,0.22292099539076962,87.85174532051109,6.728161091474602e-05
2024-01-17 04:00:00+00:00,DOGEUSDT,0.1971887320814455,0.0,83.91343581230906,0.0002366264784977346
2024-01-20 04:00:00+00:00,BTCUSDT,-0.2824025244454409,0.0,93.42267558660664,0.0003388830293345291
2024-01-20 04:00:00+00:00,SOLUSDT,0.004921105779835677,-0.2796483941448479,82.02761578436689,5.905326935802814e-06
2024-01-20 04:00:00+00:00,BNBUSDT,0.0036334135426043246,-0.20647356669650152,89.78198524156986,4.36009625112519e-06
2024-01-20 04:00:00+00:00,XRPUSDT,-0.003855008351754452,0.21906598703901517,93.1786759066244,4.6260100221053425e-06
2024-01-20 04:00:00+00:00,DOGEUSDT,0.2948120521196353,0.2948120521196353,87.95365381922332,0.0003537744625435624
2024-01-21 04:00:00+00:00,SOLUSDT,0.07507540675985683,-0.20457298738499105,78.14199331058497,9.00904881118282e-05
2024-01-21 04:00:00+00:00,BNBUSDT,0.004933846598583563,-0.20153972009791796,85.61472279387125,5.920615918300277e-06
2024-01-21 04:00:00+00:00,XRPUSDT,-0.07505303314649897,0.1440129538925162,92.31626376749503,9.006363977579877e-05
2024-01-21 04:00:00+00:00,TRXUSDT,0.13103728726367325,0.13103728726367325,87.36359566944132,0.0001572447447164079
2024-01-21 04:00:00+00:00,DOGEUSDT,-0.13784363664816812,0.15696841547146717,83.25998176758996,0.00016541236397780176
2024-01-21 04:00:00+00:00,ADAUSDT,-0.1618686358894343,-0.1618686358894343,86.73815134754325,0.00019424236306732115
2024-01-23 04:00:00+00:00,SOLUSDT,-0.09542701261500894,-0.3,76.9883556980217,0.00011451241513801074
2024-01-23 04:00:00+00:00,BNBUSDT,0.20153972009791796,0.0,88.9348432405342,0.00024184766411750158
2024-01-23 04:00:00+00:00,ADAUSDT,-0.10444709648873846,-0.26631573237817274,88.27490844152524,0.00012533651578648615
2024-01-24 04:00:00+00:00,SOLUSDT,0.06685736699245304,-0.23314263300754695,79.4540803803495,8.022884039094365e-05
2024-01-24 04:00:00+00:00,BNBUSDT,0.160960191631797,0.160960191631797,98.63976426499954,0.00019315222995815642
2024-01-24 04:00:00+00:00,ADAUSDT,0.09419981140775119,-0.17211592097042155,90.01656947045247,0.00011303977368930144
2024-01-27 04:00:00+00:00,BNBUSDT,-0.160960191631797,0.0,102.28121641718255,0.00019315222995815642
2024-01-28 04:00:00+00:00,BTCUSDT,-0.2755126245004341,-0.2755126245004341,93.10927368340036,0.00033061514940052096
2024-01-28 04:00:00+00:00,SOLUSDT,0.23314263300754695,0.0,84.50379280224708,0.0002797711596090564
2024-01-28 04:00:00+00:00,XRPUSDT,0.12789899620579723,0.2719119500983134,109.9467424982711,0.0001534787954469567
2024-01-28 04:00:00+00:00,TRXUSDT,-0.13103728726367325,0.0,103.10179060390723,0.0001572447447164079
2024-01-28 04:00:00+00:00,DOGEUSDT,0.12563065646788651,0.2825990719393537,103.78504727818891,0.00015075678776146383
2024-01-28 04:00:00+00:00,ADAUSDT,0.0021395675085228716,-0.16997635346189868,86.06364636507065,2.567481010227446e-06
2024-01-29 04:00:00+00:00,BTCUSDT,0.2755126245004341,0.0,98.84238199193051,0.00033061514940052096
2024-01-29 04:00:00+00:00,SOLUSDT,-0.22624551113497504,-0.22624551113497504,86.62651560903272,0.0002714946133619701
2024-01-30 04:00:00+00:00,SOLUSDT,0.22624551113497504,0.0,89.15875522554192,0.0002714946133619701
2024-01-30 04:00:00+00:00,TRXUSDT,-0.23265463298207992,-0.23265463298207992,109.34926818623056,0.00027918555957849594
2024-01-31 04:00:00+00:00,BNBUSDT,0.20463607102103665,0.20463607102103665,116.68720836350452,0.000245563285225244
2024-01-31 04:00:00+00:00,XRPUSDT,-0.012887863909564923,0.2590240861887485,124.60701762743764,1.546543669147791e-05
2024-01-31 04:00:00+00:00,TRXUSDT,0.011027177167898305,-0.2216274558141816,104.70859982255878,1.3232612601477968e-05
2024-01-31 04:00:00+00:00,DOGEUSDT,-0.12980663593732178,0.1527924360020319,121.64645928288564,0.00015576796312478616
2024-01-31 04:00:00+00:00,ADAUSDT,0.008056402487897296,-0.1619199509740014,93.35718388821974,9.667682985476757e-06
2024-02-01 04:00:00+00:00,BTCUSDT,-0.25993278802123015,-0.25993278802123015,98.78649821179431,0.00031191934562547623
2024-02-01 04:00:00+00:00,BNBUSDT,-0.004734628641827554,0.1999014423792091,117.95383822923371,5.681554370193065e-06
2024-02-01 04:00:00+00:00,XRPUSDT,-0.06681216191058856,0.19221192427815995,122.6247448708919,8.017459429270628e-05
2024-02-01 04:00:00+00:00,TRXUSDT,0.005127755311551713,-0.2164997005026299,108.53539828585141,6.153306373862056e-06
2024-02-01 04:00:00+00:00,DOGEUSDT,-0.1527924360020319,0.0,113.63325789608771,0.0001833509232024383
2024-02-01 04:00:00+00:00,ADAUSDT,0.2933740957927723,0.1314541448187709,98.3055539020687,0.00035204891495132677
2024-02-02 04:00:00+00:00,ETHUSDT,0.1910654617299041,0.1910654617299041,115.09022282670776,0.00022927855407588494
2024-02-02 04:00:00+00:00,BNBUSDT,-0.1999014423792091,0.0,112.92865261396949,0.00023988173085505093
2024-02-02 04:00:00+00:00,TRXUSDT,0.2164997005026299,0.0,109.73012863004932,0.00025979964060315593
2024-02-02 04:00:00+00:00,DOGEUSDT,-0.20040861218048564,-0.20040861218048564,114.97767721159711,0.00024049033461658278
2024-02-03 04:00:00+00:00,BTCUSDT,0.014918948461895482,-0.24501383955933467,94.6338142678185,1.790273815427458e-05
2024-02-03 04:00:00+00:00,ETHUSDT,-0.010966280160715575,0.18009918156918853,114.94349562211634,1.315953619285869e-05
2024-02-03 04:00:00+00:00,SOLUSDT,-0.20061816402816998,-0.20061816402816998,88.02280494767525,0.000240741796833804
2024-02-03 04:00:00+00:00,XRPUSDT,-0.19221192427815995,0.0,118.79070701438049,0.00023065430913379195
2024-02-03 04:00:00+00:00,TRXUSDT,0.12895849135855092,0.12895849135855092,110.84088366052735,0.0001547501896302611
2024-02-03 04:00:00+00:00,DOGEUSDT,0.07900756921868264,-0.121401042961803,115.20369781528268,9.480908306241917e-05
2024-02-03 04:00:00+00:00,ADAUSDT,-0.007544864295817924,0.12390928052295298,91.87657541473682,9.053837154981509e-06
2024-02-04 04:00:00+00:00,SOLUSDT,-0.09938183597183001,-0.3,86.03689680645064,0.00011925820316619601
2024-02-04 04:00:00+00:00,TRXUSDT,-0.12895849135855092,0.0,106.3375728296634,0.0001547501896302611
2024-02-04 04:00:00+00:00,DOGEUSDT,0.22920667539542394,0.10780563243362094,114.35434521396381,0.00027504801047450875
2024-02-05 04:00:00+00:00,BTCUSDT,0.4890957040217464,0.24408186446241173,95.92168504837983,0.0005869148448260957
2024-02-05 04:00:00+00:00,ETHUSDT,0.08479031353670885,0.2648894951058974,116.94531624228672,0.00010174837624405063
2024-02-05 04:00:00+00:00,DOGEUSDT,-0.2988342728653119,-0.19102864043169096,113.03599003925571,0.0003586011274383743
2024-02-05 04:00:00+00:00,ADAUSDT,-0.12390928052295298,0.0,92.262701994747,0.0001486911366275436
2024-02-06 04:00:00+00:00,BTCUSDT,-0.0812554633960664,0.16282640106634533,93.64152072077822,9.750655607527969e-05
2024-02-06 04:00:00+00:00,ETHUSDT,-0.08537457147739352,0.17951492362850385,117.46852343369738,0.00010244948577287224
2024-02-06 04:00:00+00:00,TRXUSDT,0.13387935766012615,0.13387935766012615,116.3882750676562,0.0001606552291921514
2024-02-07 04:00:00+00:00,SOLUSDT,0.3,0.0,87.21450428711951,0.00036
2024-02-07 04:00:00+00:00,BNBUSDT,-0.26821255891786816,-0.26821255891786816,104.77453916231612,0.00032185507070144184
2024-02-07 04:00:00+00:00,DOGEUSDT,-0.05549094761845877,-0.24651958805014973,107.09362208780495,6.658913714215052e-05
2024-02-08 04:00:00+00:00,BTCUSDT,-0.16282640106634533,0.0,88.09865828391621,0.0001953916812796144
2024-02-08 04:00:00+00:00,ETHUSDT,-0.0037341635004420337,0.17578076012806182,113.31601269957329,4.4809962005304406e-06
2024-02-08 04:00:00+00:00,SOLUSDT,0.138764920577708,0.138764920577708,88.43226735936808,0.00016651790469324963
2024-02-08 04:00:00+00:00,BNBUSDT,0.005579199364749821,-0.26263335955311834,101.48099001372944,6.695039237699785e-06
2024-02-08 04:00:00+00:00,TRXUSDT,-0.0027848793890342116,0.13109447827109194,110.01713193844986,3.3418552668410545e-06
2024-02-08 04:00:00+00:00,DOGEUSDT,-0.04520689341987011,-0.29172648147001984,104.04874281158322,5.4248272103844136e-05
2024-02-10 04:00:00+00:00,ETHUSDT,0.07637698086070244,0.25215774098876426,115.95686492231508,9.165237703284293e-05
2024-02-10 04:00:00+00:00,SOLUSDT,-0.138764920577708,0.0,82.88391746198735,0.00016651790469324963
2024-02-10 04:00:00+00:00,BNBUSDT,0.002694055740792456,-0.2599393038123259,96.28144899915306,3.2328668889509475e-06
2024-02-10 04:00:00+00:00,TRXUSDT,0.06807448431558366,0.1991689625866756,121.54416760035558,8.16893811787004e-05
2024-02-10 04:00:00+00:00,DOGEUSDT,0.00299248885778558,-0.28873399261223426,103.19593563307407,3.5909866293426965e-06
2024-02-11 04:00:00+00:00,ETHUSDT,-0.25215774098876426,0.0,110.63540862072769,0.00030258928918651715
2024-02-11 04:00:00+00:00,BNBUSDT,0.0006749231590525984,-0.2592643806532733,93.3894094769179,8.099077908631182e-07
2024-02-11 04:00:00+00:00,TRXUSDT,0.0597649956652786,0.2589339582519542,116.45520562519809,7.171799479833433e-05
2024-02-11 04:00:00+00:00,DOGEUSDT,0.05218062476889551,-0.23655336784333875,103.32656008232392,6.261674972267462e-05
2024-02-11 04:00:00+00:00,ADAUSDT,0.24524829325143374,0.24524829325143374,89.90560008605077,0.00029429795190172054
2024-02-12 04:00:00+00:00,ETHUSDT,-0.14664850578121974,-0.14664850578121974,109.66388777159185,0.0001759782069374637
2024-02-12 04:00:00+00:00,BNBUSDT,0.07640095806518307,-0.1828634225880902,93.17535818117797,9.16811496782197e-05
2024-02-12 04:00:00+00:00,TRXUSDT,-0.024555961820289074,0.23437799643166513,116.34430522616385,2.946715418434689e-05
2024-02-12 04:00:00+00:00,DOGEUSDT,0.022433501995785393,-0.21411986584755335,102.61716352389246,2.6920202394942473e-05
2024-02-12 04:00:00+00:00,ADAUSDT,-0.02325808389996223,0.2219902093514715,92.47791170733237,2.7909700679954677e-05
2024-02-13 04:00:00+00:00,BTCUSDT,0.2549270468182419,0.2549270468182419,88.50989634543552,0.0003059124561818903
2024-02-13 04:00:00+00:00,ETHUSDT,0.003671669687196094,-0.14297683609402365,107.36514914479096,4.406003624635313e-06
2024-02-13 04:00:00+00:00,SOLUSDT,-0.20737889124535727,-0.20737889124535727,76.67128905368752,0.00024885466949442877
2024-02-13 04:00:00+00:00,BNBUSDT,0.004578390226595841,-0.17828503236149437,93.71941082483977,5.494068271915009e-06
2024-02-13 04:00:00+00:00,TRXUSDT,-0.23437799643166513,0.0,112.09280114431712,0.0002812535957179982
2024-02-13 04:00:00+00:00,DOGEUSDT,0.21411986584755335,0.0,102.39515027782528,0.00025694383901706403
2024-02-13 04:00:00+00:00,ADAUSDT,-0.005558015870588517,0.216432193480883,93.52309564836622,6.669619044706222e-06
2024-02-15 04:00:00+00:00,BTCUSDT,-0.25492704681824185,0.0,85.61782965156472,0.00030591245618189026
2024-02-15 04:00:00+00:00,ETHUSDT,0.354794367312693,0.21181753121866934,109.08561874557627,0.00042575324077523164
2024-02-15 04:00:00+00:00,SOLUSDT,-0.08690192047225268,-0.2942808117176099,71.96234135946989,0.00010428230456670323
2024-02-15 04:00:00+00:00,BNBUSDT,0.17828503236149434,0.0,91.90466424879438,0.00021394203883379323
2024-02-15 04:00:00+00:00,TRXUSDT,-0.28159551846579733,-0.28159551846579733,110.42638076105482,0.0003379146221589568
2024-02-15 04:00:00+00:00,ADAUSDT,-0.004126054882959501,0.21230613859792344,90.81868099986346,4.951265859551402e-06
2024-02-16 04:00:00+00:00,ETHUSDT,-0.00911379510794269,0.20270373611072665,109.29097697105445,1.093655412953123e-05
2024-02-16 04:00:00+00:00,SOLUSDT,0.012661912386395413,-0.2816188993312145,71.46397460794309,1.5194294863674497e-05
2024-02-16 04:00:00+00:00,XRPUSDT,-0.25224850623058925,-0.25224850623058925,106.83198836059424,0.00030269820747670716
2024-02-16 04:00:00+00:00,TRXUSDT,0.28159551846579733,0.0,110.36050106216399,0.0003379146221589568
2024-02-16 04:00:00+00:00,DOGEUSDT,0.12498964304970993,0.12498964304970993,103.3144926045557,0.00014998757165965193
2024-02-16 04:00:00+00:00,ADAUSDT,-0.07386692332016356,0.13843921527775988,91.10307064359085,8.864030798419628e-05
2024-02-17 04:00:00+00:00,ETHUSDT,-0.012573786826564376,0.19012994928416227,105.08492939803355,1.5088544191877252e-05
2024-02-17 04:00:00+00:00,SOLUSDT,0.08111084500110874,-0.20050805433010574,69.91334382642802,9.73330140013305e-05
2024-02-17 04:00:00+00:00,XRPUSDT,0.06850726718996636,-0.1837412390406229,104.67361375892226,8.220872062795963e-05
2024-02-17 04:00:00+00:00,TRXUSDT,-0.17853248736656585,-0.17853248736656585,102.23819366773819,0.00021423898483987903
2024-02-17 04:00:00+00:00,DOGEUSDT,-0.007753153234319007,0.11723648981539092,101.00193376017899,9.30378388118281e-06
2024-02-17 04:00:00+00:00,ADAUSDT,-0.008587435114607606,0.12985178016315227,95.20761546481428,1.0304922137529128e-05
2024-02-18 04:00:00+00:00,SOLUSDT,-0.09949194566989425,-0.3,69.94263383503197,0.00011939033480387311
2024-02-18 04:00:00+00:00,XRPUSDT,0.1837412390406229,0.0,107.42468082803059,0.0002204894868487475
2024-02-18 04:00:00+00:00,TRXUSDT,-0.07290346404462567,-0.2514359514111915,99.43976165328502,8.748415685355081e-05
2024-02-19 04:00:00+00:00,ETHUSDT,-0.19012994928416227,0.0,104.52699243378771,0.00022815593914099475
2024-02-19 04:00:00+00:00,SOLUSDT,0.0063828527718737815,-0.2936171472281262,70.29518742830301,7.659423326248539e-06
2024-02-19 04:00:00+00:00,BNBUSDT,0.2722616931327007,0.2722616931327007,91.74193870159417,0.0003267140317592409
2024-02-19 04:00:00+00:00,TRXUSDT,0.005349595531378787,-0.24608635587981273,97.53140192082505,6.4195146376545445e-06
2024-02-19 04:00:00+00:00,DOGEUSDT,0.07079831394396932,0.18803480375936024,108.79738791540177,8.49579767327632e-05
2024-02-19 04:00:00+00:00,ADAUSDT,-0.12985178016315227,0.0,88.39681680299164,0.00015582213619578275
2024-02-21 04:00:00+00:00,ETHUSDT,-0.3,-0.3,96.96459163744433,0.00036
2024-02-21 04:00:00+00:00,SOLUSDT,0.2936171472281262,0.0,66.88174695933598,0.0003523405766737515
2024-02-21 04:00:00+00:00,BNBUSDT,-0.2722616931327007,0.0,86.37385280394767,0.0003267140317592409
2024-02-21 04:00:00+00:00,ADAUSDT,0.1982612019562631,0.1982612019562631,93.03811533744428,0.00023791344234751574
2024-02-22 04:00:00+00:00,TRXUSDT,-0.05391364412018726,-0.3,90.37792079160826,6.469637294422472e-05
2024-02-23 04:00:00+00:00,ETHUSDT,0.010926219524788505,-0.2890737804752115,91.92887265036698,1.3111463429746208e-05
2024-02-23 04:00:00+00:00,TRXUSDT,0.010926219524788505,-0.2890737804752115,85.9377184352951,1.3111463429746208e-05
2024-02-23 04:00:00+00:00,DOGEUSDT,0.0427772513866955,0.23081205514605574,108.73753721274177,5.13327016640346e-05
2024-02-23 04:00:00+00:00,ADAUSDT,-0.007220818052741856,0.19104038390352124,93.03393987392211,8.66498166329023e-06
2024-02-24 04:00:00+00:00,ETHUSDT,0.2890737804752115,0.0,93.7045703216485,0.00034688853657025383
2024-02-24 04:00:00+00:00,XRPUSDT,-0.26963169045973046,-0.26963169045973046,96.74489513012112,0.0003235580285516766
2024-02-25 04:00:00+00:00,XRPUSDT,0.008448276672211874,-0.2611834137875186,98.65144395841732,1.013793200665425e-05
2024-02-25 04:00:00+00:00,TRXUSDT,0.07061030937836596,-0.21846347109684552,91.91569165587585,8.473237125403916e-05
2024-02-25 04:00:00+00:00,DOGEUSDT,0.051371561444218616,0.28218361659027436,112.01142035935905,6.164587373306235e-05
2024-02-25 04:00:00+00:00,ADAUSDT,0.04712911462184022,0.23816949852536146,98.97345593219423,5.6554937546208265e-05
2024-02-26 04:00:00+00:00,BTCUSDT,0.2920668943887147,0.2920668943887147,79.69974785961213,0.00035048027326645766
2024-02-26 04:00:00+00:00,SOLUSDT,0.26747068340010144,0.26747068340010144,67.44064200717752,0.0003209648200801218
2024-02-26 04:00:00+00:00,XRPUSDT,0.006906652018308035,-0.25427676176921055,94.13786122462596,8.287982421969642e-06
2024-02-26 04:00:00+00:00,TRXUSDT,0.21846347109684552,0.0,91.07804239201766,0.00026215616531621464
2024-02-26 04:00:00+00:00,DOGEUSDT,-0.4683692770322476,-0.1861856604419733,108.12583234250306,0.0005620431324386972
2024-02-26 04:00:00+00:00,ADAUSDT,-0.23816949852536146,0.0,93.11350363930832,0.00028580339823043376
2024-02-28 04:00:00+00:00,DOGEUSDT,0.1861856604419733,0.0,115.06506218668963,0.00022342279253036797
2024-02-28 04:00:00+00:00,ADAUSDT,-0.16017362448542313,-0.16017362448542313,95.30364998905722,0.0001922083493825078
2024-02-29 04:00:00+00:00,BTCUSDT,-0.2920668943887147,0.0,80.90518569049772,0.00035048027326645766
2024-02-29 04:00:00+00:00,XRPUSDT,0.5424584203624279,0.28818165859321737,98.97854024424029,0.0006509501044349135
2024-02-29 04:00:00+00:00,TRXUSDT,-0.2699878585051298,-0.2699878585051298,87.52630494869243,0.0003239854302061558
2024-03-01 04:00:00+00:00,SOLUSDT,-0.1225760618082363,0.14489462159186514,70.48678861677853,0.00014709127416988357
2024-03-01 04:00:00+00:00,XRPUSDT,-0.1093797664962935,0.17880189209692388,96.50204418658417,0.0001312557197955522
2024-03-01 04:00:00+00:00,DOGEUSDT,0.11602204890978451,0.11602204890978451,115.38586587816488,0.00013922645869174143
2024-03-01 04:00:00+00:00,ADAUSDT,-0.10010781291600337,-0.2602814374014265,82.86374357430371,0.00012012937549920407
2024-03-02 04:00:00+00:00,ETHUSDT,-0.2289831322419135,-0.2289831322419135,87.14523189988041,0.0002747797586902962
2024-03-02 04:00:00+00:00,SOLUSDT,-0.14489462159186514,0.0,68.08491777153453,0.0001738735459102382
2024-03-02 04:00:00+00:00,XRPUSDT,0.05541224285042734,0.23421413494735122,96.41246617894754,6.649469142051281e-05
2024-03-02 04:00:00+00:00,TRXUSDT,0.062276934618537866,-0.20771092388659193,84.5391237793288,7.473232154224544e-05
2024-03-02 04:00:00+00:00,ADAUSDT,0.09697549352993187,-0.16330594387149464,84.92892931421562,0.00011637059223591825
2024-03-03 04:00:00+00:00,ETHUSDT,0.013917365194474257,-0.21506576704743924,89.26557060586909,1.670083823336911e-05
2024-03-03 04:00:00+00:00,BNBUSDT,-0.17154292166192478,-0.17154292166192478,81.42333958357496,0.00020585150599430974
2024-03-03 04:00:00+00:00,XRPUSDT,-0.014235300294200087,0.21997883465315113,101.0999213799333,1.7082360353040105e-05
2024-03-03 04:00:00+00:00,TRXUSDT,0.3387726830840638,0.13106175919747184,91.48724008629706,0.0004065272197008766
2024-03-03 04:00:00+00:00,DOGEUSDT,-0.007051703806648629,0.10897034510313588,115.30853916886178,8.462044567978356e-06
2024-03-03 04:00:00+00:00,ADAUSDT,0.009925571534617567,-0.15338037233687707,85.30004182793964,1.191068584154108e-05
2024-03-04 04:00:00+00:00,SOLUSDT,-0.2438602917297929,-0.2438602917297929,69.45351942128333,0.0002926323500757515
2024-03-04 04:00:00+00:00,BNBUSDT,0.3410029778792173,0.1694600562172925,83.98140954473206,0.0004092035734550608
2024-03-04 04:00:00+00:00,XRPUSDT,-0.21997883465315113,0.0,97.97630865479164,0.00026397460158378137
2024-03-04 04:00:00+00:00,DOGEUSDT,0.09631266913847183,0.20528301424160772,114.98421573510281,0.00011557520296616622
2024-03-04 04:00:00+00:00,ADAUSDT,0.15338037233687707,0.0,86.41784453778739,0.0001840564468042525
2024-03-05 04:00:00+00:00,BTCUSDT,-0.24033960325937265,-0.24033960325937265,76.86769679661711,0.0002884075239112472
2024-03-05 04:00:00+00:00,ETHUSDT,0.21506576704743924,0.0,87.81619284253107,0.0002580789204569271
2024-03-05 04:00:00+00:00,XRPUSDT,0.1904854683423957,0.1904854683423957,98.75016501178673,0.00022858256201087484
2024-03-05 04:00:00+00:00,DOGEUSDT,-0.20528301424160772,0.0,113.64104458926272,0.0002463396170899293
2024-03-06 04:00:00+00:00,BTCUSDT,0.00971986244611664,-0.230619740813256,76.90513194330384,1.1663834935339969e-05
2024-03-06 04:00:00+00:00,SOLUSDT,0.06432376815249286,-0.17953652357730004,67.38792815506773,7.718852178299143e-05
2024-03-06 04:00:00+00:00,BNBUSDT,0.046151002472849784,0.21561105869014227,83.61792512878156,5.5381202967419744e-05
2024-03-06 04:00:00+00:00,XRPUSDT,-0.1904854683423957,0.0,96.04120505870071,0.00022858256201087484
2024-03-06 04:00:00+00:00,TRXUSDT,0.07299404298723311,0.20405580218470495,89.70936605870537,8.759285158467974e-05
2024-03-06 04:00:00+00:00,DOGEUSDT,-0.17017687473459686,-0.17017687473459686,107.85736317357559,0.00020421224968151624
2024-03-07 04:00:00+00:00,BNBUSDT,-0.21561105869014227,0.0,81.1135896178496,0.0002587332704281708
2024-03-07 04:00:00+00:00,ADAUSDT,0.19146431388603583,0.19146431388603583,85.12495207586896,0.000229757176663243
2024-03-08 04:00:00+00:00,BTCUSDT,0.230619740813256,0.0,74.6662297620086,0.0002767436889759072
2024-03-08 04:00:00+00:00,ETHUSDT,-0.19526498856676947,-0.19526498856676947,82.18645754219305,0.00023431798628012338
2024-03-08 04:00:00+00:00,BNBUSDT,0.2262245221019951,0.2262245221019951,80.5144090447614,0.00027146942652239416
2024-03-08 04:00:00+00:00,TRXUSDT,-0.20405580218470495,0.0,82.9626349638307,0.00024486696262164597
2024-03-09 04:00:00+00:00,ETHUSDT,-0.10473501143323052,-0.3,81.28157167274024,0.00012568201371987664
2024-03-09 04:00:00+00:00,SOLUSDT,0.32520825181600194,0.1456717282387019,66.49314115453704,0.00039024990217920234
2024-03-09 04:00:00+00:00,BNBUSDT,-0.0857365013699257,0.1404880207320694,80.35737816730166,0.00010288380164391084
2024-03-09 04:00:00+00:00,TRXUSDT,-0.3,-0.3,81.64177221486126,0.00036
2024-03-09 04:00:00+00:00,DOGEUSDT,0.17017687473459686,0.0,104.53744158717132,0.00020421224968151624
2024-03-09 04:00:00+00:00,ADAUSDT,-0.07762406285680708,0.11384025102922875,83.35053408223051,9.31488754281685e-05
2024-03-10 04:00:00+00:00,ETHUSDT,0.05407196749521409,-0.2459280325047859,84.92173158209062,6.488636099425691e-05
2024-03-10 04:00:00+00:00,SOLUSDT,-0.1456717282387019,0.0,66.24029441781855,0.0001748060738864423
2024-03-10 04:00:00+00:00,BNBUSDT,0.14223249514865027,0.28272051588071967,83.5110884690918,0.00017067899417838033
2024-03-10 04:00:00+00:00,TRXUSDT,0.06921857724602626,-0.23078142275397373,82.01759461148424,8.306229269523152e-05
2024-03-10 04:00:00+00:00,ADAUSDT,0.12672977783129197,0.24057002886052073,86.35828569014856,0.00015207573339755037
2024-03-11 04:00:00+00:00,ETHUSDT,0.5459280325047859,0.3,87.62809913568901,0.0006551136390057432
2024-03-11 04:00:00+00:00,BNBUSDT,-0.4899971798283157,-0.20727666394759606,81.7090298109256,0.0005879966157939789
2024-03-12 04:00:00+00:00,ETHUSDT,-0.0006927274450847509,0.29930727255491524,86.98845689499869,8.312729341017012e-07
2024-03-12 04:00:00+00:00,SOLUSDT,0.2636461569408466,0.2636461569408466,69.13764130391418,0.00031637538832901595
2024-03-12 04:00:00+00:00,BNBUSDT,0.00047862077947369297,-0.20679804316812236,80.03855759075759,5.743449353684316e-07
2024-03-12 04:00:00+00:00,TRXUSDT,0.0005328954178579204,-0.2302485273361158,76.76210998159547,6.394745014295045e-07
2024-03-12 04:00:00+00:00,ADAUSDT,-0.24057002886052073,0.0,85.26533763093363,0.0002886840346326249
2024-03-13 04:00:00+00:00,ETHUSDT,-0.014902125696288404,0.28440514685862683,89.11497209214369,1.7882550835546087e-05
2024-03-13 04:00:00+00:00,SOLUSDT,-0.013126604430752753,0.25051955251009383,72.84059128507083,1.5751925316903305e-05
2024-03-13 04:00:00+00:00,BNBUSDT,-0.03949250936120108,-0.24629055252932344,77.82176930611435,4.7391011233441295e-05
2024-03-13 04:00:00+00:00,TRXUSDT,0.011463779234159976,-0.21878474810195583,76.61139369482828,1.3756535080991973e-05
2024-03-15 04:00:00+00:00,ETHUSDT,-0.06359060161369534,0.2208145452449315,89.21228145189906,7.630872193643442e-05
2024-03-15 04:00:00+00:00,BNBUSDT,-0.05370944747067655,-0.3,77.19797729988862,6.445133696481186e-05
2024-03-16 04:00:00+00:00,ETHUSDT,-0.014702795691130172,0.20611174955380132,87.91926226699806,1.764335482935621e-05
2024-03-16 04:00:00+00:00,SOLUSDT,-0.01668068465826672,0.23383886785182711,68.56782197899624,2.0016821589920066e-05
2024-03-16 04:00:00+00:00,BNBUSDT,0.3,0.0,75.6641841491412,0.00036
2024-03-16 04:00:00+00:00,XRPUSDT,-0.28002469129718577,-0.28002469129718577,89.13412481886338,0.00033602962955662293
2024-03-16 04:00:00+00:00,TRXUSDT,0.21878474810195583,0.0,71.64131262755723,0.000262541697722347
2024-03-16 04:00:00+00:00,ADAUSDT,-0.2800246912971857,-0.2800246912971857,80.11421266658604,0.0003360296295566229
2024-03-17 04:00:00+00:00,ETHUSDT,-0.00307499305501735,0.20303675649878397,91.00742926083575,3.6899916660208204e-06
2024-03-17 04:00:00+00:00,SOLUSDT,-0.0034886555288289878,0.23035021232299813,68.20751541077166,4.1863866345947855e-06
2024-03-17 04:00:00+00:00,XRPUSDT,0.004177704487183798,-0.27584698681000197,85.88370245416478,5.0132453846205575e-06
2024-03-17 04:00:00+00:00,DOGEUSDT,-0.2907660443682159,-0.2907660443682159,95.87736725440735,0.0003489192532418591
2024-03-17 04:00:00+00:00,ADAUSDT,0.2800246912971857,0.0,80.97791119217132,0.0003360296295566229
2024-03-19 04:00:00+00:00,BNBUSDT,-0.29523471418968433,-0.29523471418968433,72.87488574301257,0.00035428165702762124
2024-03-19 04:00:00+00:00,XRPUSDT,0.27584698681000197,0.0,89.00469454241244,0.0003310163841720024
2024-03-19 04:00:00+00:00,DOGEUSDT,0.08437177547819813,-0.20639426889001777,98.09904593256137,0.00010124613057383777
2024-03-20 04:00:00+00:00,BTCUSDT,0.1452044335567154,0.1452044335567154,68.95181820008928,0.00017424532026805848
2024-03-20 04:00:00+00:00,ETHUSDT,-0.06599578708057677,0.1370409694182072,88.22057559753851,7.919494449669213e-05
2024-03-20 04:00:00+00:00,SOLUSDT,-0.08147882608772555,0.14887138623527257,67.32303120889156,9.777459130527067e-05
2024-03-20 04:00:00+00:00,DOGEUSDT,-0.06248894189978699,-0.26888321078980476,92.54923148647065,7.49867302797444e-05
2024-03-22 04:00:00+00:00,BTCUSDT,-0.001438797769587219,0.14376563578712817,68.13479706122264,1.7265573235046629e-06
2024-03-22 04:00:00+00:00,ETHUSDT,-0.0013579078566080538,0.13568306156159915,88.54220508347795,1.6294894279296647e-06
2024-03-22 04:00:00+00:00,SOLUSDT,-0.0014751327712524964,0.14739625346402008,68.30886322043025,1.7701593255029959e-06
2024-03-22 04:00:00+00:00,BNBUSDT,0.07519124290107329,-0.22004347128861104,68.05166784475438,9.022949148128795e-05
2024-03-22 04:00:00+00:00,DOGEUSDT,0.08806621083959351,-0.18081699995021125,90.3279091963854,0.00010567945300751223
2024-03-22 04:00:00+00:00,ADAUSDT,-0.17229457794843026,-0.17229457794843026,73.34825695018196,0.00020675349353811633
2024-03-23 04:00:00+00:00,BNBUSDT,0.22004347128861104,0.0,69.24592108588995,0.0002640521655463333
2024-03-23 04:00:00+00:00,DOGEUSDT,-0.10278593643430559,-0.28360293638451683,87.77551667780304,0.0001233431237211667
2024-03-23 04:00:00+00:00,ADAUSDT,-0.09737605125798574,-0.269670629206416,70.96397074820673,0.00011685126150958289
2024-03-24 04:00:00+00:00,BTCUSDT,-0.14376563578712817,0.0,66.37730453921009,0.0001725187629445538
2024-03-24 04:00:00+00:00,ETHUSDT,-0.4356830615615991,-0.29999999999999993,83.91617064683159,0.0005228196738739189
2024-03-24 04:00:00+00:00,SOLUSDT,0.0860590551286746,0.23345530859269467,71.04499833847679,0.00010327086615440953
2024-03-24 04:00:00+00:00,TRXUSDT,-0.2785284488280329,-0.2785284488280329,66.32267365951094,0.00033423413859363953
2024-03-24 04:00:00+00:00,DOGEUSDT,0.47161917896378924,0.1880162425792724,89.7861521708492,0.0005659430147565472
2024-03-24 04:00:00+00:00,ADAUSDT,0.269670629206416,0.0,74.90611984939687,0.00032360475504769924
2024-03-26 04:00:00+00:00,ETHUSDT,0.017825858023211683,-0.28217414197678825,82.35404260318117,2.1391029627854023e-05
2024-03-26 04:00:00+00:00,SOLUSDT,-0.07738800071014629,0.15606730788254838,68.47176685170749,9.286560085217555e-05
2024-03-26 04:00:00+00:00,XRPUSDT,-0.2765631673817644,-0.2765631673817644,78.26451953566536,0.0003318758008581173
2024-03-26 04:00:00+00:00,TRXUSDT,0.2785284488280329,0.0,65.36889995501699,0.00033423413859363953
2024-03-26 04:00:00+00:00,DOGEUSDT,-0.011171836154252796,0.1768444064250196,85.36538335903413,1.3406203385103355e-05
2024-03-26 04:00:00+00:00,ADAUSDT,0.1083509763338793,0.1083509763338793,74.48839944904955,0.00013002117160065517
2024-03-27 04:00:00+00:00,SOLUSDT,-0.15606730788254838,0.0,67.26264451988463,0.00018728076945905808
2024-03-27 04:00:00+00:00,BNBUSDT,0.23005163070235993,0.23005163070235993,66.98988406179757,0.00027606195684283194
2024-03-27 04:00:00+00:00,ADAUSDT,-0.1083509763338793,0.0,69.76751951651721,0.00013002117160065517
2024-03-28 04:00:00+00:00,ETHUSDT,0.28217414197678825,0.0,85.39847070752424,0.0003386089703721459
2024-03-28 04:00:00+00:00,SOLUSDT,-0.24479157965048692,-0.24479157965048692,67.26465713038053,0.00029374989558058435
2024-03-28 04:00:00+00:00,BNBUSDT,-0.0063080147266731945,0.22374361597568673,69.83887613322712,7.569617672007834e-06
2024-03-28 04:00:00+00:00,XRPUSDT,0.06049651410839085,-0.21606665327337354,75.88258464807703,7.259581693006903e-05
2024-03-28 04:00:00+00:00,TRXUSDT,0.14340281754074174,0.14340281754074174,67.31364828818333,0.0001720833810488901
2024-03-28 04:00:00+00:00,DOGEUSDT,-0.004849072865308585,0.17199533355971103,90.09574568156937,5.818887438370302e-06
2024-03-29 04:00:00+00:00,ETHUSDT,0.1815083088999498,0.1815083088999498,88.64601857836301,0.00021780997067993976
2024-03-29 04:00:00+00:00,BNBUSDT,-0.22374361597568673,0.0,67.09074700736261,0.0002684923391708241
2024-03-30 04:00:00+00:00,ETHUSDT,0.08212124382927427,0.26362955272922406,84.7328943028889,9.854549259512913e-05
2024-03-30 04:00:00+00:00,XRPUSDT,0.21606665327337354,0.0,75.18323950603778,0.00025927998392804826
2024-03-30 04:00:00+00:00,TRXUSDT,-0.3365236466538315,-0.19312082911308978,62.353477088942654,0.00040382837598459785
2024-03-30 04:00:00+00:00,DOGEUSDT,0.083916371135631,0.255911704695342,87.06699795060034,0.0001006996453627572
2024-03-31 04:00:00+00:00,BTCUSDT,0.16076416571372995,0.16076416571372995,65.86813839981235,0.00019291699885647595
2024-03-31 04:00:00+00:00,ETHUSDT,-0.133010016728637,0.13061953600058707,83.494020494787,0.0001596120200743644
2024-03-31 04:00:00+00:00,SOLUSDT,0.003814612141590762,-0.24097696750889616,62.53269099395514,4.577534569908915e-06
2024-03-31 04:00:00+00:00,BNBUSDT,-0.1947083083047486,-0.1947083083047486,62.514347481669475,0.00023364996996569836
2024-03-31 04:00:00+00:00,TRXUSDT,0.052856499220098246,-0.14026432989299153,61.4593843616788,6.342779906411791e-05
2024-03-31 04:00:00+00:00,DOGEUSDT,-0.12324501211629538,0.13266669257904665,86.50553263715534,0.00014789401453955446
2024-04-01 04:00:00+00:00,BTCUSDT,-0.01371082839410781,0.14705333731962214,64.86477747119329,1.6452994072929374e-05
2024-04-01 04:00:00+00:00,ETHUSDT,-0.01113993305082095,0.11947960294976612,82.99042618651283,1.336791966098514e-05
2024-04-01 04:00:00+00:00,SOLUSDT,0.020551805396299166,-0.220425162112597,62.745729558010446,2.4662166475559e-05
2024-04-01 04:00:00+00:00,BNBUSDT,0.01660576652901108,-0.17810254177573753,62.62927459074887,1.9926919834813297e-05
2024-04-01 04:00:00+00:00,XRPUSDT,0.08528535157842608,0.08528535157842608,75.14946262845679,0.00010234242189411131
2024-04-01 04:00:00+00:00,TRXUSDT,0.011962492688836118,-0.12830183720415542,59.26307089095947,1.4354991226603344e-05
2024-04-01 04:00:00+00:00,DOGEUSDT,-0.01131452551935097,0.12135216705969568,87.01702317955764,1.3577430623221166e-05
2024-04-02 04:00:00+00:00,BTCUSDT,-0.00027368713511158327,0.14677965018451056,68.02161088868354,3.284245621339e-07
2024-04-02 04:00:00+00:00,ETHUSDT,0.05640600352555217,0.17588560647531828,85.21766857466525,6.76872042306626e-05
2024-04-02 04:00:00+00:00,SOLUSDT,0.000410242516250936,-0.22001491959634606,62.24845095918893,4.922910195011233e-07
2024-04-02 04:00:00+00:00,BNBUSDT,0.00033147411206824184,-0.1777710676636693,63.36979470545072,3.9776893448189027e-07
2024-04-02 04:00:00+00:00,XRPUSDT,0.06620035522917796,0.15148570680760404,77.32181028766179,7.944042627501355e-05
2024-04-02 04:00:00+00:00,TRXUSDT,0.00023878793160359013,-0.12806304927255183,57.934899795203854,2.8654551792430816e-07
2024-04-02 04:00:00+00:00,DOGEUSDT,-0.12135216705969568,0.0,85.52576255812636,0.00014562260047163483
2024-04-03 04:00:00+00:00,BTCUSDT,0.05451340135382993,0.20129305153834048,69.08103294892327,6.541608162459592e-05
2024-04-03 04:00:00+00:00,SOLUSDT,0.0661687109548815,-0.15384620864146456,63.182734044296005,7.94024531458578e-05
2024-04-04 04:00:00+00:00,BTCUSDT,-0.4055855814387929,-0.20429252990045244,70.70759711831911,0.00048670269772655155
2024-04-04 04:00:00+00:00,ETHUSDT,0.12411439352468176,0.30000000000000004,91.5636792575805,0.00014893727222961813
2024-04-04 04:00:00+00:00,SOLUSDT,0.15384620864146456,0.0,67.51715773564756,0.0001846154503697575
2024-04-04 04:00:00+00:00,XRPUSDT,0.14851429319239595,0.3,84.6070401453914,0.00017821715183087515
2024-04-04 04:00:00+00:00,TRXUSDT,0.12806304927255183,0.0,65.78702730571808,0.0001536756591270622
2024-04-05 04:00:00+00:00,BTCUSDT,0.20429252990045244,0.0,72.94145206103616,0.00024515103588054293
2024-04-05 04:00:00+00:00,ETHUSDT,-0.30000000000000004,0.0,95.35848337314916,0.0003600000000000001
2024-04-05 04:00:00+00:00,SOLUSDT,-0.19377816881312016,-0.19377816881312016,67.97455771362894,0.00023253380257574422
2024-04-05 04:00:00+00:00,DOGEUSDT,0.3,0.3,98.08061125152518,0.00036
2024-04-07 04:00:00+00:00,XRPUSDT,-0.09226492402677822,0.20773507597322177,89.16555141577317,0.00011071790883213388
2024-04-07 04:00:00+00:00,TRXUSDT,0.17473092494846698,0.17473092494846698,71.66862568470354,0.0002096771099381604
2024-04-07 04:00:00+00:00,DOGEUSDT,-0.08364921043625234,0.21635078956374765,106.9998843365437,0.00010037905252350282
2024-04-08 04:00:00+00:00,BTCUSDT,-0.22600589925859949,-0.22600589925859949,75.65530033067405,0.0002712070791103194
2024-04-08 04:00:00+00:00,SOLUSDT,0.19377816881312016,0.0,74.69978617139607,0.00023253380257574422
2024-04-08 04:00:00+00:00,BNBUSDT,0.0005937448271819135,-0.17717732283648738,66.5991378551472,7.124937926182962e-07
2024-04-08 04:00:00+00:00,XRPUSDT,-0.0006938228385774126,0.20704125313464436,94.9929647577959,8.325874062928951e-07
2024-04-08 04:00:00+00:00,TRXUSDT,-0.000583590930742145,0.17414733401772484,72.70880146992084,7.003091168905741e-07
2024-04-08 04:00:00+00:00,DOGEUSDT,-0.0007225988112037895,0.21562819075254386,113.38942527081078,8.671185734445475e-07
2024-04-09 04:00:00+00:00,BTCUSDT,0.0014182865657259291,-0.22458761269287356,76.68544680174726,1.701943878871115e-06
2024-04-09 04:00:00+00:00,SOLUSDT,0.15477193841090056,0.15477193841090056,77.15169178668066,0.0001857263260930807
2024-04-09 04:00:00+00:00,BNBUSDT,0.001111865741357243,-0.17606545709513013,65.24446243287395,1.3342388896286918e-06
2024-04-09 04:00:00+00:00,XRPUSDT,-0.07193783024924602,0.13510342288539834,98.76541599344137,8.632539629909524e-05
2024-04-09 04:00:00+00:00,TRXUSDT,-0.0010928512269129387,0.1730544827908119,75.32057978662813,1.3114214722955266e-06
2024-04-09 04:00:00+00:00,DOGEUSDT,-0.0792111046276584,0.13641708612488546,118.27612098141964,9.505332555319009e-05
